Customer_ID,Customer_Name,Email,Phone,City,State,Product,Category,Quantity, Unit_Price , Total_Sales ,Order_Date,Payment_Status,Order_Status,Sales_Channel,Customer_Type, Revenue ,Contribution
C0001,Priya Verma,priya.verma@gmail.com,9558781873,surat,gujarat,Notebook,Stationery,3, ₹ 120 , ₹ 360 ,2024-11-05 00:00:00,Paid,Processing,Online,Regular," ₹ 43,200 ",0%
C0002,Neha Sharma,neha.sharma@gmail.com,8996668602,chennai,tamil nadu,Monitor,Electronics,4," ₹ 12,000 "," ₹ 48,000 ",2026-03-29 00:00:00,Refunded,Cancelled,Online,Regular," ₹ 57,60,00,000 ",4%
C0005,Vikas Singh,vikas.singh@gmail,7951445658,kolkata,west bengal,USB Drive,Accessories,1, ₹ 900 ," ₹ 6,300 ",2024-10-10 00:00:00,Cancelled,Shipped,Marketplace,Regular," ₹ 56,70,000 ",0%
C0006,Pooja Joshi,pooja.joshi@gmail.com,8545833869,lucknow,uttar pradesh,Headphones,Electronics,2," ₹ 2,500 "," ₹ 5,000 ",2024-05-15 00:00:00,Paid,Shipped,Store,Regular," ₹ 1,25,00,000 ",0%
C0006,Mohit Mehta,mohit.mehta@gmail.com,8014030282,lucknow,uttar pradesh,USB Drive,Accessories,4, ₹ 900 ," ₹ 3,600 ",2024-12-24 00:00:00,Cancelled,Processing,Marketplace,Regular," ₹ 32,40,000 ",0%
C0009,Suresh Kaur,suresh.kaur@gmail,Not Available,mumbai,maharashtra,Monitor,Electronics,4," ₹ 12,000 "," ₹ 48,000 ",2024-10-31 00:00:00,Pending,Shipped,Store,Regular," ₹ 57,60,00,000 ",4%
C0009,Anjali Chauhan,unknown,8212908107,delhi,delhi,Notebook,Stationery,4, ₹ 120 , ₹ 480 ,2024-11-18 00:00:00,Refunded,Processing,Online,Regular," ₹ 57,600 ",0%
C0010,Kavita Chauhan,kavita.chauhan@gmail.com,8258093032,hyderabad,telangana,Mouse,Electronics,1, ₹ 800 , ₹ 800 ,2025-07-15 00:00:00,Cancelled,Shipped,Store,Regular," ₹ 6,40,000 ",0%
C0010,Neha Shah,neha.shah@gmail.com,9113322013,rajkot,gujarat,Monitor,Electronics,3," ₹ 12,000 "," ₹ 36,000 ",2025-02-24 00:00:00,Paid,Cancelled,Online,Regular," ₹ 43,20,00,000 ",3%
C0011,Neha Verma,unknown,7953487391,bengaluru,karnataka,USB Drive,Accessories,4, ₹ 900 ," ₹ 3,600 ",2025-04-01 00:00:00,Cancelled,Cancelled,Store,Regular," ₹ 32,40,000 ",0%
C0011,Neha Chauhan,neha.chauhan@gmail.com,7531689268,bhopal,madhya pradesh,Pen Set,Stationery,4, ₹ 250 ," ₹ 1,000 ",2025-08-24 00:00:00,Pending,Shipped,Marketplace,Regular," ₹ 2,50,000 ",0%
C0012,Simran Mehta,simran.mehta@gmail.com,8764635577,delhi,delhi,Keyboard,Electronics,2," ₹ 1,500 "," ₹ 3,000 ",2024-05-12 00:00:00,Refunded,Cancelled,Marketplace,Regular," ₹ 45,00,000 ",0%
C0014,Arjun Singh,arjun.singh@gmail.com,9665292162,indore,madhya pradesh,Desk,Furniture,4," ₹ 12,000 "," ₹ 47,900 ",2025-10-10 00:00:00,Cancelled,Returned,Marketplace,Regular," ₹ 57,48,00,000 ",4%
C0015,Neha Yadav,neha.yadav@gmail.com,7749960739,bhopal,madhya pradesh,Pen Set,Stationery,3, ₹ 250 , ₹ 750 ,2025-11-05 00:00:00,Refunded,Processing,Online,Regular," ₹ 1,87,500 ",0%
C0016,Isha Gupta,isha.gupta@gmail.com,9207873733,ahmedabad,gujarat,Mouse,Electronics,6, ₹ 800 ," ₹ 4,800 ",2025-07-16 00:00:00,Cancelled,Processing,Online,Regular," ₹ 38,40,000 ",0%
C0017,Kavita Sharma,kavita.sharma@gmail.com,7062534560,pune,maharashtra,Mouse,Electronics,2, ₹ -   ," ₹ 1,600 ",2024-08-13 00:00:00,Paid,Shipped,Marketplace,Regular, ₹ -   ,0%
C0017,Rohan Desai,rohan.desai@gmail.com,9090366319,chennai,tamil nadu,Office Chair,Furniture,3," ₹ 8,500 "," ₹ 25,500 ",2024-03-27 00:00:00,Pending,Cancelled,Store,Regular," ₹ 21,67,50,000 ",1%
C0017,Isha Kaur,isha.kaur@gmail.com,Not Available,ahmedabad,gujarat,Desk,Furniture,2," ₹ 12,000 "," ₹ 24,000 ",2025-10-10 00:00:00,Refunded,Returned,Marketplace,Regular," ₹ 28,80,00,000 ",2%
C0020,Mohit Kaur,mohit.kaur@gmail.com,7334417350,indore,madhya pradesh,Smartphone,Electronics,7," ₹ 28,000 "," ₹ 1,96,000 ",2025-08-10 00:00:00,Refunded,Cancelled,Store,Regular," ₹ 5,48,80,00,000 ",36%
C0021,Suresh Gupta,suresh.gupta@gmail.com,9303892561,lucknow,uttar pradesh,Notebook,Stationery,8, ₹ 120 , ₹ 960 ,2024-03-06 00:00:00,Paid,Shipped,Marketplace,Regular," ₹ 1,15,200 ",0%
C0022,Rahul Kaur,rahul.kaur@gmail.com,9398868010,chennai,tamil nadu,Pen Set,Stationery,4, ₹ 250 ," ₹ 1,000 ",2024-04-01 00:00:00,Refunded,Shipped,Store,Regular," ₹ 2,50,000 ",0%
C0023,Priya Singh,priya.singh@gmail.com,9273821684,mumbai,maharashtra,Smartphone,Electronics,8," ₹ 28,000 "," ₹ 2,24,000 ",2025-02-06 00:00:00,Pending,Delivered,Store,Regular," ₹ 6,27,20,00,000 ",41%
C0023,Aditya Gupta,aditya.gupta@gmail.com,7725783958,ahmedabad,gujarat,Smartphone,Electronics,1," ₹ 28,000 "," ₹ 28,000 ",2025-01-19 00:00:00,Cancelled,Returned,Marketplace,Regular," ₹ 78,40,00,000 ",5%
C0023,Simran Reddy,simran.reddy@gmail.com,8124373488,bhopal,madhya pradesh,Monitor,Electronics,1," ₹ 12,000 "," ₹ 12,000 ",2026-05-01 00:00:00,Pending,Cancelled,Marketplace,Regular," ₹ 14,40,00,000 ",1%
C0024,Aditya Yadav,aditya.yadav@gmail.com,9459429548,jaipur,rajasthan,Headphones,Electronics,2," ₹ 2,500 "," ₹ 5,000 ",2026-03-24 00:00:00,Pending,Cancelled,Store,Regular," ₹ 1,25,00,000 ",0%
C0025,Nikhil Mehta,unknown,8640724675,mumbai,maharashtra,Monitor,Electronics,2," ₹ 12,000 "," ₹ 24,000 ",2024-04-11 00:00:00,Pending,Processing,Online,Regular," ₹ 28,80,00,000 ",2%
C0026,Simran Joshi,simran.joshi@gmail.com,9535385657,bhopal,madhya pradesh,USB Drive,Accessories,4, ₹ 900 ," ₹ 3,600 ",2025-04-10 00:00:00,Paid,Processing,Store,Regular," ₹ 32,40,000 ",0%
C0027,Sneha Verma,sneha.verma@gmail.com,8114227340,bhopal,madhya pradesh,Office Chair,Furniture,7," ₹ 8,500 "," ₹ 59,500 ",2025-02-01 00:00:00,Paid,Returned,Marketplace,Regular," ₹ 50,57,50,000 ",3%
C0027,Anjali Patel,anjali.patel@gmail.com,9955544302,lucknow,uttar pradesh,Desk,Furniture,3," ₹ 12,000 "," ₹ 36,000 ",2025-05-29 00:00:00,Refunded,Processing,Online,Regular," ₹ 43,20,00,000 ",3%
C0027,Amit Singh,amit.singh@gmail.com,9896089430,indore,madhya pradesh,Pen Set,Stationery,1, ₹ 250 , ₹ 250 ,2026-02-22 00:00:00,Cancelled,Returned,Online,Regular," ₹ 62,500 ",0%
C0029,Aditya Sharma,aditya.sharma@gmail.com,7550606479,indore,madhya pradesh,Smartphone,Electronics,6," ₹ 28,000 "," ₹ 1,68,000 ",2026-04-08 00:00:00,Paid, Processing ,Store,Regular," ₹ 4,70,40,00,000 ",31%
C0030,Rohan Joshi,rohan.joshi@gmail.com,9096471391,ahmedabad,gujarat,Office Chair,Furniture,8," ₹ 8,500 "," ₹ 68,000 ",2024-02-17 00:00:00,Paid,Processing,Marketplace,Regular," ₹ 57,80,00,000 ",4%
C0030,Arjun Chauhan,arjun.chauhan@gmail.com,8193021614,chennai,tamil nadu,Notebook,Stationery,3, ₹ 120 , ₹ 360 ,2025-10-21 00:00:00,Paid,Cancelled,Online,Regular," ₹ 43,200 ",0%
C0030,Kavita Mishra,kavita.mishra@gmail.com,8003907590,bhopal,madhya pradesh,Laptop,Electronics,5," ₹ 55,000 "," ₹ 2,75,000 ",2025-07-21 00:00:00,Paid,Shipped,Marketplace,Gold," ₹ 15,12,50,00,000 ",99%
C0031,Vikas Kumar,vikas.kumar@gmail.com,7943866804,ahmedabad,gujarat,USB Drive,Accessories,3, ₹ 900 ," ₹ 2,700 ",2024-01-10 00:00:00,Cancelled,Cancelled,Online,Regular," ₹ 24,30,000 ",0%
C0031,Amit Joshi,amit.joshi@gmail.com,7484846239,pune,maharashtra,Desk,Furniture,8," ₹ 12,000 "," ₹ 96,000 ",2026-05-16 00:00:00,Pending,Processing,Store,Regular," ₹ 1,15,20,00,000 ",8%
C0032,Suresh Reddy,suresh.reddy@gmail.com,8942189222,bengaluru,karnataka,USB Drive,Accessories,4, ₹ 900 ," ₹ 3,600 ",2024-04-06 00:00:00,Refunded,Delivered,Online,Regular," ₹ 32,40,000 ",0%
C0032,Meena Mehta,meena.mehta@gmail.com,9099323053,hyderabad,telangana,Desk,Furniture,3," ₹ 12,000 "," ₹ 36,000 ",2026-06-10 00:00:00,Refunded,Returned,Marketplace,Regular," ₹ 43,20,00,000 ",3%
C0035,Rahul Yadav,rahul.yadav@gmail.com,7394884830,surat,gujarat,Pen Set,Stationery,4, ₹ 250 ," ₹ 1,000 ",2025-09-05 00:00:00,Paid,Delivered,Online,Regular," ₹ 2,50,000 ",0%
C0039,Meena Kaur,meena.kaur@gmail.com,9568713374,jaipur,rajasthan,USB Drive,Accessories,6, ₹ 900 ," ₹ 5,400 ",2024-05-17 00:00:00,Cancelled,Processing,Marketplace,Regular," ₹ 48,60,000 ",0%
C0041,Vikas Patel,vikas.patel@gmail.com,9239279558,chennai,tamil nadu,Headphones,Electronics,5," ₹ 2,500 "," ₹ 12,500 ",2025-08-15 00:00:00,Pending,Cancelled,Marketplace,Regular," ₹ 3,12,50,000 ",0%
C0041,Rohan Yadav,rohan.yadav@gmail.com,7885750682,chennai,tamil nadu,Keyboard,Electronics,2," ₹ 1,500 "," ₹ 3,000 ",2025-07-29 00:00:00,cancelled,Delivered,Online,Regular," ₹ 45,00,000 ",0%
C0042,Rahul Singh,rahul.singh@gmail.com,7856247605,indore,madhya pradesh,Laptop,Electronics,3," ₹ 55,000 "," ₹ 1,65,000 ",2024-09-01 00:00:00,Pending,Cancelled,Marketplace,Gold," ₹ 9,07,50,00,000 ",60%
C0042,Sneha Desai,unknown,9165592658,surat,gujarat,Office Chair,Furniture,7," ₹ 8,500 "," ₹ 59,500 ",2025-05-05 00:00:00,Paid,Cancelled,Store,Regular," ₹ 50,57,50,000 ",3%
C0042,Anjali Mehta,anjali.mehta@gmail.com,7752767775,chennai,tamil nadu,Notebook,Stationery,2, ₹ 120 , ₹ 240 ,2025-07-28 00:00:00,Pending,Shipped,Store,Regular," ₹ 28,800 ",0%
C0043,Neha Kaur,neha.kaur@gmail.com,Not Available,chennai,tamil nadu,Smartphone,Electronics,7," ₹ 28,000 "," ₹ 1,96,000 ",2025-09-17 00:00:00,Cancelled,Processing,Store,Regular," ₹ 5,48,80,00,000 ",36%
C0044,Pooja Desai,pooja.desai@gmail.com,7339428835,pune,maharashtra,Desk,Furniture,5," ₹ 12,000 "," ₹ 60,000 ",2026-02-04 00:00:00,Refunded,Shipped,Online,Regular," ₹ 72,00,00,000 ",5%
C0045,Amit Kaur,amit.kaur@gmail.com,7938711724,delhi,delhi,Headphones,Electronics,8," ₹ 2,500 "," ₹ 20,000 ",2024-04-14 00:00:00,Pending,Processing,Online,Regular," ₹ 5,00,00,000 ",0%
C0047,Kavita Mehta,kavita.mehta@gmail.com,7273846739,bengaluru,karnataka,Laptop,Electronics,2," ₹ 55,000 "," ₹ 1,10,000 ",2025-04-28 00:00:00,Paid,Processing,Store,Gold," ₹ 6,05,00,00,000 ",40%
C0047,Priya Kumar,priya.kumar@gmail.com,8430398942,lucknow,uttar pradesh,Desk,Furniture,8," ₹ 12,000 "," ₹ 96,000 ",2024-06-01 00:00:00,Pending,Processing,Marketplace,Regular," ₹ 1,15,20,00,000 ",8%
C0048,Aditya Patel,aditya.patel@gmail.com,8934902523,jaipur,rajasthan,Backpack,Accessories,3," ₹ 1,800 "," ₹ 5,400 ",2025-05-25 00:00:00,Paid,Returned,Marketplace,Regular," ₹ 97,20,000 ",0%
C0048,Meena Joshi,meena.joshi@gmail.com,9625401719,indore,madhya pradesh,Monitor,Electronics,8," ₹ 12,000 "," ₹ 96,000 ",2025-02-28 00:00:00,Pending,Cancelled,Store,Regular," ₹ 1,15,20,00,000 ",8%
C0048,Nikhil Kaur,nikhil.kaur@gmail.com,8260129779,chennai,tamil nadu,Notebook,Stationery,8, ₹ 120 , ₹ 960 ,2024-05-23 00:00:00,Refunded, Processing ,Marketplace,Regular," ₹ 1,15,200 ",0%
C0049,Nikhil Mishra,nikhil.mishra@gmail.com,9845587379,kolkata,west bengal,Backpack,Accessories,2," ₹ 1,800 "," ₹ 3,600 ",2025-02-03 00:00:00,Cancelled,Cancelled,Online,Regular," ₹ 64,80,000 ",0%
C0050,Isha Sharma,isha.sharma@gmail.com,9843139149,ahmedabad,gujarat,Backpack,Accessories,1," ₹ 1,800 "," ₹ 1,800 ",2024-02-19 00:00:00,Paid,Cancelled,Store,Regular," ₹ 32,40,000 ",0%
C0050,Riya Kaur,riya.kaur@gmail.com,8858906417,indore,madhya pradesh,Pen Set,Stationery,8, ₹ 250 ," ₹ 2,000 ",2025-06-04 00:00:00,Pending,Returned,Online,Regular," ₹ 5,00,000 ",0%
C0050,Rahul Shah,rahul.shah@gmail.com,7590521614,indore,madhya pradesh,Backpack,Accessories,4," ₹ 1,800 "," ₹ 7,200 ",2024-03-10 00:00:00,Pending,Delivered,Online,Regular," ₹ 1,29,60,000 ",0%
C0051,Amit Verma,amit.verma@gmail.com,8903155722,chennai,tamil nadu,Office Chair,Furniture,8," ₹ 8,500 "," ₹ 68,000 ",2025-09-13 00:00:00,Refunded,Cancelled,Store,Regular," ₹ 57,80,00,000 ",4%
C0051,Neha Shah,neha.shah@gmail.com,7765571034,vadodara,gujarat,Backpack,Accessories,5," ₹ 1,800 "," ₹ 9,000 ",2025-09-17 00:00:00,Pending, Cancelled ,Marketplace,Regular," ₹ 1,62,00,000 ",0%
C0052,Rohan Sharma,rohan.sharma@gmail.com,9021793892,bhopal,madhya pradesh,Backpack,Accessories,1," ₹ 1,800 "," ₹ 1,800 ",2024-04-18 00:00:00,Refunded,Delivered,Online,Regular," ₹ 32,40,000 ",0%
C0052,Neha Reddy,unknown,7750338556,indore,madhya pradesh,Laptop,Electronics,5," ₹ 55,000 "," ₹ 2,75,000 ",2025-01-03 00:00:00,Cancelled,Cancelled,Marketplace,Gold," ₹ 15,12,50,00,000 ",99%
C0053,Pooja Yadav,pooja.yadav@gmail.com,8341957809,pune,maharashtra,Monitor,Electronics,4," ₹ 12,000 "," ₹ 48,000 ",2024-06-07 00:00:00,Refunded,Shipped,Online,Regular," ₹ 57,60,00,000 ",4%
C0053,Kavita Joshi,kavita.joshi@gmail,8628199646,vadodara,gujarat,Smartphone,Electronics,2," ₹ 28,000 "," ₹ 56,000 ",2024-12-12 00:00:00,Pending,Returned,Online,Regular," ₹ 1,56,80,00,000 ",10%
C0053,Kavita Verma,kavita.verma@gmail.com,8329370993,kolkata,west bengal,Desk,Furniture,5," ₹ 12,000 "," ₹ 60,000 ",2025-10-03 00:00:00,Pending,Delivered,Online,Regular," ₹ 72,00,00,000 ",5%
C0053,Isha Reddy,isha.reddy@gmail.com,9842796831,mumbai,maharashtra,Desk,Furniture,6," ₹ 12,000 "," ₹ 72,000 ",2024-03-15 00:00:00,Cancelled,Returned,Online,Regular," ₹ 86,40,00,000 ",6%
C0056,Meena Yadav,meena.yadav@gmail.com,7634268193,indore,madhya pradesh,Headphones,Electronics,1," ₹ 2,500 "," ₹ 2,500 ",2024-12-17 00:00:00,Paid,Processing,Store,Regular," ₹ 62,50,000 ",0%
C0056,Neha Mishra,neha.mishra@gmail.com,Not Available,ahmedabad,gujarat,Desk,Furniture,3," ₹ 12,000 "," ₹ 36,500 ",2024-01-31 00:00:00,Pending,Processing,Online,Regular," ₹ 43,80,00,000 ",3%
C0057,Amit Mehta,amit.mehta@gmail.com,9583851226,mumbai,maharashtra,Monitor,Electronics,7," ₹ 12,000 "," ₹ 84,000 ",2025-01-07 00:00:00,Paid,Cancelled,Marketplace,Regular," ₹ 1,00,80,00,000 ",7%
C0057,Pooja Yadav,pooja.yadav@gmail.com,9689444996,delhi,delhi,Monitor,Electronics,2," ₹ 12,000 "," ₹ 24,000 ",2025-11-24 00:00:00,Paid,Returned,Online,Regular," ₹ 28,80,00,000 ",2%
C0057,Sneha Reddy,sneha.reddy@gmail.com,9434757387,vadodara,gujarat,Smartphone,Electronics,3," ₹ 28,000 "," ₹ 84,000 ",2024-09-18 00:00:00,Paid,Returned,Marketplace,Regular," ₹ 2,35,20,00,000 ",15%
C0057,Sneha Reddy,sneha.reddy@gmail.com,9434757387,vadodara,gujarat,Smartphone,Electronics,3," ₹ 28,000 "," ₹ 84,000 ",2024-09-18 00:00:00,Paid,Returned,Marketplace,Regular," ₹ 2,35,20,00,000 ",15%
C0058,Riya Desai,riya.desai@gmail.com,8148717504,chennai,tamil nadu,Notebook,Stationery,2, ₹ 120 , ₹ 240 ,2024-01-22 00:00:00,Paid,Delivered,Marketplace,Regular," ₹ 28,800 ",0%
C0059,Anjali Reddy,anjali.reddy@gmail.com,8418435511,lucknow,uttar pradesh,Monitor,Electronics,1," ₹ 12,000 "," ₹ 12,000 ",2025-04-12 00:00:00,Refunded,Shipped,Online,Regular," ₹ 14,40,00,000 ",1%
C0060,Suresh Kaur,suresh.kaur@gmail.com,8821239360,kolkata,west bengal,Mouse,Electronics,4, ₹ 800 ," ₹ 3,200 ",2025-05-04 00:00:00,Paid,Processing,Marketplace,Regular," ₹ 25,60,000 ",0%
C0062,Rohan Verma,rohan.verma@gmail.com,9510504153,delhi,delhi,Notebook,Stationery,6, ₹ 120 , ₹ 720 ,2024-11-14 00:00:00,Pending,Shipped,Store,Regular," ₹ 86,400 ",0%
C0063,Nikhil Shah,nikhil.shah@gmail.com,9765414165,surat,gujarat,Headphones,Electronics,2," ₹ 2,500 "," ₹ 5,000 ",2024-10-02 00:00:00,Cancelled,Processing,Store,Regular," ₹ 1,25,00,000 ",0%
C0064,Kavita Kaur,kavita.kaur@gmail.com,7558617715,jaipur,rajasthan,Mouse,Electronics,8, ₹ 800 ," ₹ 6,400 ",2024-03-20 00:00:00,Cancelled,Returned,Store,Regular," ₹ 51,20,000 ",0%
C0064,Anjali Chauhan,anjali.chauhan@gmail.com,8847307234,jaipur,rajasthan,Mouse,Electronics,1, ₹ 800 , ₹ 800 ,2024-08-04 00:00:00,Paid,Cancelled,Store,Regular," ₹ 6,40,000 ",0%
C0068,Vikas Mishra,vikas.mishra@gmail.com,7382141089,pune,maharashtra,Smartphone,Electronics,5," ₹ 28,000 "," ₹ 1,40,000 ",2024-05-29 00:00:00,Pending,Processing,Online,Regular," ₹ 3,92,00,00,000 ",26%
C0068,Anjali Shah,anjali.shah@gmail.com,9586068261,kolkata,west bengal,Notebook,Stationery,6, ₹ 120 , ₹ 720 ,2025-04-09 00:00:00,Paid,Delivered,Marketplace,Regular," ₹ 86,400 ",0%
C0068,Vikas Singh,vikas.singh@gmail.com,9980964394,hyderabad,telangana,Office Chair,Furniture,7," ₹ 8,500 "," ₹ 59,500 ",2025-08-03 00:00:00,Cancelled,Returned,Marketplace,Regular," ₹ 50,57,50,000 ",3%
C0070,Nikhil Gupta,nikhil.gupta@gmail.com,9178955870,lucknow,uttar pradesh,Notebook,Stationery,1, ₹ 120 , ₹ 120 ,2025-02-03 00:00:00,Refunded,Delivered,Marketplace,Regular," ₹ 14,400 ",0%
C0070,Meena Shah,meena.shah@gmail.com,7514909066,bhopal,madhya pradesh,Pen Set,Stationery,4, ₹ 250 ," ₹ 1,000 ",2025-08-15 00:00:00,Paid,Returned,Online,Regular," ₹ 2,50,000 ",0%
C0071,Suresh Kaur,suresh.kaur@gmail.com,7886823531,vadodara,gujarat,Mouse,Electronics,5, ₹ 800 ," ₹ 4,000 ",2025-03-18 00:00:00,Refunded,Shipped,Marketplace,Regular," ₹ 32,00,000 ",0%
C0072,Rohan Patel,rohan.patel@gmail.com,8831352713,rajkot,gujarat,Desk,Furniture,7," ₹ 12,000 "," ₹ 84,000 ",2024-04-12 00:00:00,Pending,Delivered,Marketplace,Regular," ₹ 1,00,80,00,000 ",7%
C0075,Mohit Shah,mohit.shah@gmail.com,8475998631,kolkata,west bengal,Office Chair,Furniture,4," ₹ 8,500 "," ₹ 34,000 ",2025-02-10 00:00:00,Paid,Delivered,Store,Regular," ₹ 28,90,00,000 ",2%
C0075,Amit Yadav,amit.yadav@gmail.com,8076303124,lucknow,uttar pradesh,Desk,Furniture,1," ₹ 12,000 "," ₹ 12,000 ",2025-05-24 00:00:00,Pending,Delivered,Online,Regular," ₹ 14,40,00,000 ",1%
C0076,Pooja Joshi,pooja.joshi@gmail.com,8940955281,surat,gujarat,Laptop,Electronics,6," ₹ 55,000 "," ₹ 3,30,000 ",2026-05-01 00:00:00,Cancelled,Delivered,Marketplace,Gold," ₹ 18,15,00,00,000 ",119%
C0077,Rohan Yadav,rohan.yadav@gmail.com,9696335973,jaipur,rajasthan,Monitor,Electronics,1," ₹ 12,000 "," ₹ 12,000 ",2024-05-26 00:00:00,Cancelled,Returned,Online,Regular," ₹ 14,40,00,000 ",1%
C0077,Sneha Mehta,sneha.mehta@gmail.com,8034622484,pune,maharashtra,Headphones,Electronics,1," ₹ 2,500 "," ₹ 3,000 ",2025-06-03 00:00:00,Pending,Returned,Marketplace,Regular," ₹ 75,00,000 ",0%
C0081,Isha Reddy,isha.reddy@gmail.com,8643015259,hyderabad,telangana,Backpack,Accessories,4," ₹ 1,800 "," ₹ 7,200 ",2025-05-24 00:00:00,Pending,Shipped,Store,Regular," ₹ 1,29,60,000 ",0%
C0081,Suresh Kaur,suresh.kaur@gmail.com,7149157745,bengaluru,karnataka,Pen Set,Stationery,3, ₹ 250 , ₹ 750 ,2024-05-03 00:00:00,Refunded,Shipped,Online,Regular," ₹ 1,87,500 ",0%
C0081,Meena Patel,meena.patel@gmail.com,7053591309,hyderabad,telangana,Office Chair,Furniture,3," ₹ 8,500 "," ₹ 25,500 ",2026-02-22 00:00:00,Pending,Cancelled,Marketplace,Regular," ₹ 21,67,50,000 ",1%
C0082,Kavita Mishra,kavita.mishra@gmail.com,8028910147,bengaluru,karnataka,Pen Set,Stationery,5, ₹ 250 ," ₹ 1,250 ",2024-10-18 00:00:00,Cancelled,Cancelled,Online,Regular," ₹ 3,12,500 ",0%
C0082,Priya Kumar,priya.kumar@gmail.com,8608566723,jaipur,rajasthan,Headphones,Electronics,4, ₹ -   ," ₹ 10,000 ",2024-06-04 00:00:00,Refunded,Shipped,Marketplace,Regular, ₹ -   ,0%
C0084,Amit Gupta,amit.gupta@gmail.com,Not Available,bhopal,madhya pradesh,Backpack,Accessories,8," ₹ 1,800 "," ₹ 14,400 ",2025-11-19 00:00:00,Paid,Processing,Store,Regular," ₹ 2,59,20,000 ",0%
C0085,Rohan Gupta,rohan.gupta@gmail.com,7330120877,indore,madhya pradesh,Headphones,Electronics,5, ₹ -   ," ₹ 12,500 ",2024-05-15 00:00:00,Cancelled,Processing,Store,Regular, ₹ -   ,0%
C0085,Aditya Sharma,aditya.sharma@gmail.com,7947167036,mumbai,maharashtra,Laptop,Electronics,5," ₹ 55,000 "," ₹ 2,75,000 ",2024-08-18 00:00:00,Cancelled,Shipped,Store,Gold," ₹ 15,12,50,00,000 ",99%
C0086,Arjun Mishra,arjun.mishra@gmail.com,8826835815,kolkata,west bengal,Keyboard,Electronics,4," ₹ 1,500 "," ₹ 6,000 ",2024-03-13 00:00:00,Cancelled,Shipped,Marketplace,Regular," ₹ 90,00,000 ",0%
C0087,Aditya Patel,aditya.patel@gmail.com,9170795726,vadodara,gujarat,Backpack,Accessories,7," ₹ 1,800 "," ₹ 12,600 ",2024-03-17 00:00:00,Paid,Cancelled,Marketplace,Regular," ₹ 2,26,80,000 ",0%
C0088,Priya Kaur,priya.kaur@gmail.com,7143209999,delhi,delhi,Smartphone,Electronics,2," ₹ 28,000 "," ₹ 56,000 ",2026-03-12 00:00:00,Pending,Delivered,Store,Regular," ₹ 1,56,80,00,000 ",10%
C0088,Suresh Patel,suresh.patel@gmail.com,8188684621,ahmedabad,gujarat,Smartphone,Electronics,1," ₹ 28,000 "," ₹ 28,000 ",2025-08-22 00:00:00,Pending,Cancelled,Store,Regular," ₹ 78,40,00,000 ",5%
C0088,Aditya Yadav,aditya.yadav@gmail.com,7192734662,hyderabad,telangana,Desk,Furniture,1," ₹ 12,000 "," ₹ 12,000 ",2024-02-19 00:00:00,Cancelled,Delivered,Store,Regular," ₹ 14,40,00,000 ",1%
C0089,Suresh Mishra,suresh.mishra@gmail.com,7409675904,vadodara,gujarat,Keyboard,Electronics,8," ₹ 1,500 "," ₹ 12,000 ",2024-11-27 00:00:00,Pending,Delivered,Store,Regular," ₹ 1,80,00,000 ",0%
C0091,Meena Joshi,meena.joshi@gmail.com,9708676312,kolkata,west bengal,Backpack,Accessories,2," ₹ 1,800 "," ₹ 3,600 ",2025-12-01 00:00:00,Cancelled,Returned,Online,Regular," ₹ 64,80,000 ",0%
C0093,Suresh Gupta,suresh.gupta@gmail.com,8963790638,rajkot,gujarat,Mouse,Electronics,6, ₹ 800 ," ₹ 4,800 ",2024-02-19 00:00:00,Paid,Processing,Store,Regular," ₹ 38,40,000 ",0%
C0094,Karan Mishra,karan.mishra@gmail.com,9746601166,hyderabad,telangana,Laptop,Electronics,1," ₹ 55,000 "," ₹ 55,000 ",2026-03-16 00:00:00,Cancelled,Shipped,Online,Gold," ₹ 3,02,50,00,000 ",20%
C0095,Anjali Desai,anjali.desai@gmail.com,9368662050,chennai,tamil nadu,Headphones,Electronics,8," ₹ 2,500 "," ₹ 20,000 ",2026-02-02 00:00:00,Refunded,Cancelled,Marketplace,Regular," ₹ 5,00,00,000 ",0%
C0095,Kavita Reddy,kavita.reddy@gmail.com,8188332531,surat,gujarat,Laptop,Electronics,6," ₹ 55,000 "," ₹ 3,30,000 ",2026-02-28 00:00:00,Pending,Processing,Online,Gold," ₹ 18,15,00,00,000 ",119%
C0096,Mohit Patel,mohit.patel@gmail.com,8956719117,mumbai,maharashtra,Backpack,Accessories,8," ₹ 1,800 "," ₹ 14,400 ",2025-04-26 00:00:00,Pending,Shipped,Online,Regular," ₹ 2,59,20,000 ",0%
C0098,Amit Kaur,amit.kaur@gmail.com,9032317504,bengaluru,karnataka,Laptop,Electronics,1," ₹ 55,000 "," ₹ 55,000 ",2026-02-28 00:00:00,Refunded,Returned,Online,Gold," ₹ 3,02,50,00,000 ",20%
C0098,Nikhil Mehta,nikhil.mehta@gmail.com,9457400192,indore,madhya pradesh,Headphones,Electronics,5," ₹ 2,500 "," ₹ 12,500 ",2025-09-14 00:00:00,Paid,Delivered,Online,Regular," ₹ 3,12,50,000 ",0%
C0099,Amit Mishra,amit.mishra@gmail.com,9233163576,lucknow,uttar pradesh,Desk,Furniture,8," ₹ 12,000 "," ₹ 96,000 ",2024-07-25 00:00:00,Cancelled,Cancelled,Store,Regular," ₹ 1,15,20,00,000 ",8%
C0100,Kavita Mehta,kavita.mehta@gmail.com,8534875624,delhi,delhi,Smartphone,Electronics,1," ₹ 28,000 "," ₹ 28,000 ",2025-11-08 00:00:00,Pending,Shipped,Online,Regular," ₹ 78,40,00,000 ",5%
C0100,Rohan Mehta,rohan.mehta@gmail.com,9492728925,indore,madhya pradesh,Laptop,Electronics,5," ₹ 55,000 "," ₹ 2,75,000 ",2025-04-13 00:00:00,Pending,Returned,Online,Gold," ₹ 15,12,50,00,000 ",99%
C0100,Mohit Kumar,mohit.kumar@gmail.com,8323003336,delhi,delhi,Monitor,Electronics,2," ₹ 12,000 "," ₹ 24,000 ",2025-12-02 00:00:00,Refunded,Processing,Store,Regular," ₹ 28,80,00,000 ",2%
C0101,Suresh Singh,suresh.singh@gmail.com,8626213564,ahmedabad,gujarat,Monitor,Electronics,3," ₹ 12,000 "," ₹ 36,000 ",2025-06-23 00:00:00,Cancelled,Returned,Store,Regular," ₹ 43,20,00,000 ",3%
C0101,Neha Patel,neha.patel@gmail.com,8547205674,surat,gujarat,Notebook,Stationery,4, ₹ 120 , ₹ 480 ,2024-12-07 00:00:00,Pending,Processing,Store,Regular," ₹ 57,600 ",0%
C0101,Meena Desai,meena.desai@gmail.com,8772083970,indore,madhya pradesh,Mouse,Electronics,7, ₹ 800 ," ₹ 5,600 ",2024-08-13 00:00:00,Paid,Cancelled,Marketplace,Regular," ₹ 44,80,000 ",0%
C0102,Vikas Joshi,vikas.joshi@gmail.com,9564552498,bengaluru,karnataka,Monitor,Electronics,3," ₹ 12,000 "," ₹ 36,000 ",2024-07-22 00:00:00,Refunded,Returned,Marketplace,Regular," ₹ 43,20,00,000 ",3%
C0103,Suresh Shah,suresh.shah@gmail.com,7088974176,ahmedabad,gujarat,Laptop,Electronics,1," ₹ 55,000 "," ₹ 55,000 ",2024-05-15 00:00:00,Pending,Delivered,Store,Gold," ₹ 3,02,50,00,000 ",20%
C0104,Vikas Verma,vikas.verma@gmail.com,8385570227,vadodara,gujarat,Keyboard,Electronics,7," ₹ 1,500 "," ₹ 10,500 ",2026-03-21 00:00:00,Refunded,Processing,Online,Regular," ₹ 1,57,50,000 ",0%
C0105,Isha Reddy,isha.reddy@gmail,9901362116,kolkata,west bengal,Notebook,Stationery,4, ₹ 120 , ₹ 480 ,2026-01-30 00:00:00,Refunded,Shipped,Marketplace,Regular," ₹ 57,600 ",0%
C0107,Arjun Yadav,arjun.yadav@gmail.com,7666898313,ahmedabad,gujarat,Backpack,Accessories,2," ₹ 1,800 "," ₹ 12,600 ",2024-11-12 00:00:00,Pending,Shipped,Marketplace,Regular," ₹ 2,26,80,000 ",0%
C0107,Riya Kumar,riya.kumar@gmail.com,7137693023,indore,madhya pradesh,USB Drive,Accessories,8, ₹ 900 ," ₹ 7,200 ",2024-01-28 00:00:00,Pending,Shipped,Online,Regular," ₹ 64,80,000 ",0%
C0110,Riya Patel,riya.patel@gmail.com,9161095131,mumbai,maharashtra,Smartphone,Electronics,2," ₹ 28,000 "," ₹ 56,000 ",2026-04-02 00:00:00,Cancelled,Returned,Marketplace,Regular," ₹ 1,56,80,00,000 ",10%
C0111,Aditya Sharma,aditya.sharma@gmail.com,8339846171,hyderabad,telangana,Backpack,Accessories,7," ₹ 1,800 "," ₹ 12,600 ",2025-02-10 00:00:00,Pending,Delivered,Marketplace,Regular," ₹ 2,26,80,000 ",0%
C0112,Simran Mishra,simran.mishra@gmail.com,9605446007,ahmedabad,gujarat,Headphones,Electronics,3," ₹ 2,500 "," ₹ 7,500 ",2025-07-05 00:00:00,Pending,Processing,Marketplace,Regular," ₹ 1,87,50,000 ",0%
C0112,Mohit Gupta,mohit.gupta@gmail.com,7951548935,hyderabad,telangana,Laptop,Electronics,5," ₹ 55,000 "," ₹ 2,75,000 ",2025-04-14 00:00:00,Paid,Delivered,Store,Gold," ₹ 15,12,50,00,000 ",99%
C0112,Rahul Singh,rahul.singh@gmail.com,9245028124,indore,madhya pradesh,Notebook,Stationery,7, ₹ 120 , ₹ 840 ,2026-04-26 00:00:00,Pending,Returned,Online,Regular," ₹ 1,00,800 ",0%
C0113,Nikhil Kumar,nikhil.kumar@gmail.com,9129513573,lucknow,uttar pradesh,Smartphone,Electronics,5," ₹ 28,000 "," ₹ 1,40,000 ",2025-07-24 00:00:00,Paid,Delivered,Store,Regular," ₹ 3,92,00,00,000 ",26%
C0113,Meena Patel,meena.patel@gmail.com,8210383091,pune,maharashtra,Monitor,Electronics,6," ₹ 12,000 "," ₹ 72,000 ",2024-05-01 00:00:00,Cancelled,Delivered,Online,Regular," ₹ 86,40,00,000 ",6%
C0115,Rohan Joshi,rohan.joshi@gmail.com,7646384280,indore,madhya pradesh,Mouse,Electronics,1, ₹ 800 , ₹ 800 ,2024-10-27 00:00:00,Refunded,Returned,Online,Regular," ₹ 6,40,000 ",0%
C0116,Meena Joshi,meena.joshi@gmail.com,9740542751,hyderabad,telangana,Monitor,Electronics,1," ₹ 12,000 "," ₹ 12,000 ",2025-01-04 00:00:00,Cancelled,Shipped,Store,Regular," ₹ 14,40,00,000 ",1%
C0117,Isha Singh,unknown,7518351152,bengaluru,karnataka,Mouse,Electronics,8, ₹ 800 ," ₹ 6,400 ",2024-09-21 00:00:00,Cancelled,Processing,Online,Regular," ₹ 51,20,000 ",0%
C0117,Simran Joshi,simran.joshi@gmail.com,8839893630,pune,maharashtra,Keyboard,Electronics,3," ₹ 1,500 "," ₹ 4,500 ",2025-07-09 00:00:00,Refunded,Cancelled,Store,Regular," ₹ 67,50,000 ",0%
C0118,Aditya Singh,aditya.singh@gmail.com,8997305752,kolkata,west bengal,Headphones,Electronics,6," ₹ 2,500 "," ₹ 15,000 ",2024-06-20 00:00:00,Paid,Shipped,Store,Regular," ₹ 3,75,00,000 ",0%
C0118,Rohan Mehta,rohan.mehta@gmail.com,9878897555,kolkata,west bengal,Desk,Furniture,8," ₹ 12,000 "," ₹ 96,000 ",2025-04-17 00:00:00,Paid,Delivered,Marketplace,Regular," ₹ 1,15,20,00,000 ",8%
C0118,Suresh Sharma,suresh.sharma@gmail.com,8394868732,vadodara,gujarat,Pen Set,Stationery,8, ₹ 250 ," ₹ 2,000 ",2026-05-01 00:00:00,Cancelled,Delivered,Store,Regular," ₹ 5,00,000 ",0%
C0118,Karan Reddy,karan.reddy@gmail.com,9016806007,ahmedabad,gujarat,Smartphone,Electronics,8," ₹ 28,000 "," ₹ 2,24,000 ",2025-02-26 00:00:00,Refunded,Delivered,Store,Regular," ₹ 6,27,20,00,000 ",41%
C0119,Pooja Patel,pooja.patel@gmail.com,7478384314,ahmedabad,gujarat,Smartphone,Electronics,4," ₹ 28,000 "," ₹ 1,12,000 ",2026-02-01 00:00:00,Paid,Returned,Store,Regular," ₹ 3,13,60,00,000 ",21%
C0119,Neha Reddy,neha.reddy@gmail.com,7197092148,surat,gujarat,Keyboard,Electronics,3," ₹ 1,500 "," ₹ 4,500 ",2024-12-02 00:00:00,Cancelled,Cancelled,Marketplace,Regular," ₹ 67,50,000 ",0%
C0121,Karan Kaur,karan.kaur@gmail.com,8553225274,vadodara,gujarat,USB Drive,Accessories,5, ₹ 900 ," ₹ 4,500 ",2025-12-26 00:00:00,refunded,Returned,Store,Regular," ₹ 40,50,000 ",0%
C0121,Rohan Joshi,rohan.joshi@gmail.com,8253535854,bengaluru,karnataka,USB Drive,Accessories,5, ₹ 900 ," ₹ 4,500 ",2025-03-01 00:00:00,Refunded,Cancelled,Online,Regular," ₹ 40,50,000 ",0%
C0122,Meena Joshi,meena.joshi@gmail.com,7694904767,ahmedabad,gujarat,Mouse,Electronics,7, ₹ 800 ," ₹ 5,600 ",2026-03-15 00:00:00,Cancelled,Returned,Marketplace,Regular," ₹ 44,80,000 ",0%
C0124,Riya Kumar,riya.kumar@gmail.com,7081490931,mumbai,maharashtra,Mouse,Electronics,4, ₹ 800 ," ₹ 3,200 ",2026-04-29 00:00:00,Refunded,Delivered,Marketplace,Regular," ₹ 25,60,000 ",0%
C0125,Rahul Sharma,rahul.sharma@gmail,7954720281,vadodara,gujarat,Mouse,Electronics,7, ₹ 800 ," ₹ 5,600 ",2025-01-16 00:00:00,Paid,Returned,Marketplace,Regular," ₹ 44,80,000 ",0%
C0125,Rahul Shah,rahul.shah@gmail.com,9144979311,lucknow,uttar pradesh,Keyboard,Electronics,8," ₹ 1,500 "," ₹ 12,000 ",2024-11-23 00:00:00,Pending,Delivered,Marketplace,Regular," ₹ 1,80,00,000 ",0%
C0126,Meena Reddy,meena.reddy@gmail.com,8824090668,kolkata,west bengal,Desk,Furniture,5," ₹ 12,000 "," ₹ 60,000 ",2026-02-22 00:00:00,Cancelled,Cancelled,Store,Regular," ₹ 72,00,00,000 ",5%
C0126,Riya Mehta,riya.mehta@gmail.com,7290187466,indore,madhya pradesh,Laptop,Electronics,7," ₹ 55,000 "," ₹ 3,85,000 ",2025-05-07 00:00:00,Cancelled,Returned,Store,Gold," ₹ 21,17,50,00,000 ",139%
C0126,Priya Joshi,priya.joshi@gmail.com,7217487269,vadodara,gujarat,Pen Set,Stationery,7, ₹ 250 ," ₹ 1,750 ",2026-04-21 00:00:00,Refunded,Cancelled,Online,Regular," ₹ 4,37,500 ",0%
C0128,Nikhil Verma,nikhil.verma@gmail.com,8561476763,bengaluru,karnataka,Keyboard,Electronics,7," ₹ 1,500 "," ₹ 10,500 ",2025-04-11 00:00:00,Paid,Shipped,Store,Regular," ₹ 1,57,50,000 ",0%
C0129,Amit Kumar,amit.kumar@gmail.com,9545329249,bengaluru,karnataka,Mouse,Electronics,4, ₹ 800 ," ₹ 3,200 ",2025-03-06 00:00:00,Paid,Cancelled,Marketplace,Regular," ₹ 25,60,000 ",0%
C0129,Rohan Sharma,rohan.sharma@gmail.com,7819488717,ahmedabad,gujarat,Laptop,Electronics,4," ₹ 55,000 "," ₹ 2,20,000 ",2026-05-29 00:00:00,Paid,Shipped,Store,Gold," ₹ 12,10,00,00,000 ",80%
C0130,Kavita Gupta,kavita.gupta@gmail.com,7488120041,kolkata,west bengal,Monitor,Electronics,8," ₹ 12,000 "," ₹ 96,000 ",2025-04-04 00:00:00,Cancelled,Returned,Marketplace,Regular," ₹ 1,15,20,00,000 ",8%
C0131,Pooja Reddy,pooja.reddy@gmail.com,8067958681,bengaluru,karnataka,Office Chair,Furniture,5," ₹ 8,500 "," ₹ 42,500 ",2025-08-05 00:00:00,Paid,Returned,Online,Regular," ₹ 36,12,50,000 ",2%
C0131,Vikas Shah,vikas.shah@gmail.com,9477838974,kolkata,west bengal,Laptop,Electronics,5," ₹ 55,000 "," ₹ 2,75,000 ",2024-03-04 00:00:00,Pending,Cancelled,Store,Gold," ₹ 15,12,50,00,000 ",99%
C0132,Sneha Gupta,sneha.gupta@gmail.com,7709214891,mumbai,maharashtra,Notebook,Stationery,7, ₹ 120 , ₹ 840 ,2024-04-08 00:00:00,Pending,Processing,Store,Regular," ₹ 1,00,800 ",0%
C0132,Suresh Desai,suresh.desai@gmail.com,7746109986,delhi,delhi,Smartphone,Electronics,3," ₹ 28,000 "," ₹ 84,000 ",2025-03-23 00:00:00,Pending,Delivered,Marketplace,Regular," ₹ 2,35,20,00,000 ",15%
C0134,Meena Verma,meena.verma@gmail.com,8120947541,indore,madhya pradesh,Smartphone,Electronics,7," ₹ 28,000 "," ₹ 1,96,000 ",2025-12-18 00:00:00,Cancelled,Processing,Store,Regular," ₹ 5,48,80,00,000 ",36%
C0135,Isha Shah,isha.shah@gmail.com,7662510569,vadodara,gujarat,Keyboard,Electronics,3," ₹ 1,500 "," ₹ 4,500 ",2026-01-08 00:00:00,Refunded,Delivered,Store,Regular," ₹ 67,50,000 ",0%
C0136,Amit Mehta,amit.mehta@gmail.com,9278152876,delhi,delhi,Keyboard,Electronics,5," ₹ 1,500 "," ₹ 7,500 ",2024-04-29 00:00:00,Cancelled,Delivered,Online,Regular," ₹ 1,12,50,000 ",0%
C0136,Suresh Sharma,suresh.sharma@gmail.com,8176226755,rajkot,gujarat,Keyboard,Electronics,7," ₹ 1,500 "," ₹ 10,500 ",2024-01-19 00:00:00,Pending,Delivered,Online,Regular," ₹ 1,57,50,000 ",0%
C0136,Aditya Yadav,unknown,9030106617,rajkot,gujarat,Desk,Furniture,7," ₹ 12,000 "," ₹ 84,000 ",2024-07-13 00:00:00,Paid,Delivered,Marketplace,Regular," ₹ 1,00,80,00,000 ",7%
C0138,Arjun Kaur,arjun.kaur@gmail.com,7169602003,jaipur,rajasthan,USB Drive,Accessories,8, ₹ 900 ," ₹ 7,200 ",2025-07-26 00:00:00,Cancelled,Returned,Marketplace,Regular," ₹ 64,80,000 ",0%
C0139,Anjali Kumar,anjali.kumar@gmail.com,7227153651,mumbai,maharashtra,Smartphone,Electronics,7," ₹ 28,000 "," ₹ 1,96,000 ",2025-10-13 00:00:00,Cancelled,Delivered,Store,Regular," ₹ 5,48,80,00,000 ",36%
C0139,Pooja Sharma,pooja.sharma@gmail.com,8699484121,pune,maharashtra,Pen Set,Stationery,7, ₹ 250 ," ₹ 1,750 ",2026-04-03 00:00:00,Cancelled,Cancelled,Store,Regular," ₹ 4,37,500 ",0%
C0140,Suresh Chauhan,suresh.chauhan@gmail.com,9343868762,mumbai,maharashtra,Backpack,Accessories,3," ₹ 1,800 "," ₹ 5,400 ",2024-11-01 00:00:00,Cancelled,Delivered,Marketplace,Regular," ₹ 97,20,000 ",0%
C0142,Nikhil Singh,nikhil.singh@gmail.com,9408990341,pune,maharashtra,Backpack,Accessories,8," ₹ 1,800 "," ₹ 14,400 ",2025-06-22 00:00:00,Refunded,Processing,Online,Regular," ₹ 2,59,20,000 ",0%
C0144,Nikhil Desai,nikhil.desai@gmail.com,8286375772,jaipur,rajasthan,Office Chair,Furniture,6," ₹ 8,500 "," ₹ 51,000 ",2025-03-30 00:00:00,Paid,Processing,Online,Regular," ₹ 43,35,00,000 ",3%
C0144,Riya Joshi,riya.joshi@gmail.com,7790479137,bhopal,madhya pradesh,Notebook,Stationery,1, ₹ 120 , ₹ 120 ,2025-06-20 00:00:00,Paid,Delivered,Marketplace,Regular," ₹ 14,400 ",0%
C0147,Isha Sharma,isha.sharma@gmail.com,7040356227,lucknow,uttar pradesh,Monitor,Electronics,6," ₹ 12,000 "," ₹ 72,000 ",2026-05-23 00:00:00,Paid,Shipped,Online,Regular," ₹ 86,40,00,000 ",6%
C0148,Neha Kumar,neha.kumar@gmail.com,7919589589,mumbai,maharashtra,Desk,Furniture,7," ₹ 12,000 "," ₹ 84,000 ",2024-09-17 00:00:00,Paid,Cancelled,Marketplace,Regular," ₹ 1,00,80,00,000 ",7%
C0148,Neha Kumar,neha.kumar@gmail.com,7919589589,mumbai,maharashtra,Desk,Furniture,7," ₹ 12,000 "," ₹ 84,000 ",2024-09-17 00:00:00,Paid,Cancelled,Marketplace,Regular," ₹ 1,00,80,00,000 ",7%
C0148,Isha Yadav,isha.yadav@gmail.com,9924068985,kolkata,west bengal,Office Chair,Furniture,1," ₹ 8,500 "," ₹ 8,500 ",2025-02-09 00:00:00,Cancelled,Shipped,Online,Regular," ₹ 7,22,50,000 ",0%
C0149,Simran Mishra,simran.mishra@gmail.com,8449071761,delhi,delhi,Backpack,Accessories,7," ₹ 1,800 "," ₹ 12,600 ",2026-05-19 00:00:00,Paid,Delivered,Online,Regular," ₹ 2,26,80,000 ",0%
C0150,Vikas Reddy,vikas.reddy@gmail.com,8063239503,lucknow,uttar pradesh,Backpack,Accessories,7," ₹ 1,800 "," ₹ 12,600 ",2025-05-16 00:00:00,Pending,Returned,Marketplace,Regular," ₹ 2,26,80,000 ",0%
C0151,Anjali Mishra,anjali.mishra@gmail.com,8231995081,rajkot,gujarat,Backpack,Accessories,7," ₹ 1,800 "," ₹ 12,600 ",2025-12-04 00:00:00,Paid,Cancelled,Online,Regular," ₹ 2,26,80,000 ",0%
C0152,Amit Desai,amit.desai@gmail.com,8066091571,pune,maharashtra,Office Chair,Furniture,1," ₹ 8,500 "," ₹ 8,500 ",2025-11-24 00:00:00,Cancelled,Processing,Online,Regular," ₹ 7,22,50,000 ",0%
C0152,Aditya Desai,aditya.desai@gmail.com,7608393560,lucknow,uttar pradesh,Monitor,Electronics,6," ₹ 12,000 "," ₹ 72,000 ",2024-03-15 00:00:00,Cancelled,Cancelled,Marketplace,Regular," ₹ 86,40,00,000 ",6%
C0152,Sneha Patel,sneha.patel@gmail.com,9130137051,vadodara,gujarat,Desk,Furniture,3," ₹ 12,000 "," ₹ 36,000 ",2026-04-15 00:00:00,Pending,Shipped,Marketplace,Regular," ₹ 43,20,00,000 ",3%
C0152,Rohan Mehta,rohan.mehta@gmail.com,7354528565,jaipur,rajasthan,Pen Set,Stationery,1, ₹ 250 , ₹ 250 ,2025-07-15 00:00:00,Refunded,Processing,Online,Regular," ₹ 62,500 ",0%
C0152,Amit Kumar,unknown,8181184718,hyderabad,telangana,Backpack,Accessories,6," ₹ 1,800 "," ₹ 10,800 ",2025-01-25 00:00:00,Cancelled,Cancelled,Marketplace,Regular," ₹ 1,94,40,000 ",0%
C0152,Priya Mishra,priya.mishra@gmail.com,8499028775,surat,gujarat,Keyboard,Electronics,1," ₹ 1,500 "," ₹ 1,500 ",2025-11-14 00:00:00,Cancelled,Processing,Online,Regular," ₹ 22,50,000 ",0%
C0152,Kavita Mehta,kavita.mehta@gmail.com,8658341072,pune,maharashtra,Laptop,Electronics,5," ₹ 55,000 "," ₹ 2,75,000 ",2024-12-19 00:00:00,Cancelled,Processing,Store,Gold," ₹ 15,12,50,00,000 ",99%
C0154,Simran Mehta,simran.mehta@gmail.com,9234849897,jaipur,rajasthan,Monitor,Electronics,4," ₹ 12,000 "," ₹ 48,000 ",2026-01-04 00:00:00,Refunded,Delivered,Marketplace,Regular," ₹ 57,60,00,000 ",4%
C0155,Neha Patel,neha.patel@gmail.com,9869644485,pune,maharashtra,Notebook,Stationery,7, ₹ 120 , ₹ 840 ,2026-02-13 00:00:00,Pending,Returned,Online,Regular," ₹ 1,00,800 ",0%
C0157,Neha Mehta,neha.mehta@gmail.com,8309641145,pune,maharashtra,Headphones,Electronics,5," ₹ 2,500 "," ₹ 12,500 ",2025-05-12 00:00:00,Paid,Shipped,Online,Regular," ₹ 3,12,50,000 ",0%
C0157,Sneha Patel,sneha.patel@gmail.com,7391807468,indore,madhya pradesh,Monitor,Electronics,2," ₹ 12,000 "," ₹ 24,000 ",2025-03-18 00:00:00,Paid,Processing,Online,Regular," ₹ 28,80,00,000 ",2%
C0159,Meena Reddy,meena.reddy@gmail.com,7697939765,lucknow,uttar pradesh,Keyboard,Electronics,7," ₹ 1,500 "," ₹ 10,500 ",2024-01-26 00:00:00,Pending,Processing,Store,Regular," ₹ 1,57,50,000 ",0%
C0160,Priya Kaur,priya.kaur@gmail.com,9759320154,surat,gujarat,Pen Set,Stationery,3, ₹ 250 , ₹ 750 ,2025-05-30 00:00:00,Pending,Delivered,Store,Regular," ₹ 1,87,500 ",0%
C0160,Rohan Verma,rohan.verma@gmail.com,8576609019,bhopal,madhya pradesh,Pen Set,Stationery,4, ₹ 250 ," ₹ 1,000 ",2024-08-26 00:00:00,Cancelled,Processing,Online,Regular," ₹ 2,50,000 ",0%
C0160,Arjun Singh,arjun.singh@gmail,9021635448,delhi,delhi,Smartphone,Electronics,5," ₹ 28,000 "," ₹ 1,40,000 ",2025-01-08 00:00:00,Refunded,Shipped,Marketplace,Regular," ₹ 3,92,00,00,000 ",26%
C0161,Arjun Patel,arjun.patel@gmail.com,9239829921,delhi,delhi,Keyboard,Electronics,4," ₹ 1,500 "," ₹ 6,000 ",2025-02-14 00:00:00,Paid,Shipped,Store,Regular," ₹ 90,00,000 ",0%
C0161,Priya Patel,priya.patel@gmail.com,8422040412,rajkot,gujarat,Mouse,Electronics,7, ₹ 800 ," ₹ 5,600 ",2025-12-14 00:00:00,Cancelled,Processing,Store,Regular," ₹ 44,80,000 ",0%
C0162,Rahul Joshi,rahul.joshi@gmail.com,9211494631,ahmedabad,gujarat,Monitor,Electronics,4," ₹ 12,000 "," ₹ 48,000 ",2026-01-08 00:00:00,Refunded,Returned,Marketplace,Regular," ₹ 57,60,00,000 ",4%
C0162,Anjali Verma,anjali.verma@gmail.com,8393213895,lucknow,uttar pradesh,Pen Set,Stationery,2, ₹ 250 , ₹ 500 ,2024-02-23 00:00:00,Pending,Shipped,Marketplace,Regular," ₹ 1,25,000 ",0%
C0163,Priya Desai,priya.desai@gmail,9360427902,bengaluru,karnataka,Monitor,Electronics,5," ₹ 12,000 "," ₹ 60,500 ",2025-05-07 00:00:00,Cancelled, Shipped ,Store,Regular," ₹ 72,60,00,000 ",5%
C0165,Karan Joshi,karan.joshi@gmail.com,Not Available,mumbai,maharashtra,Monitor,Electronics,7," ₹ 12,000 "," ₹ 84,000 ",2025-05-15 00:00:00,Refunded,Shipped,Store,Regular," ₹ 1,00,80,00,000 ",7%
C0167,Aditya Chauhan,aditya.chauhan@gmail.com,7920491305,indore,madhya pradesh,Mouse,Electronics,4, ₹ 800 ," ₹ 3,200 ",2025-11-24 00:00:00,Pending,Processing,Marketplace,Regular," ₹ 25,60,000 ",0%
C0167,Mohit Mishra,unknown,8104944224,kolkata,west bengal,Keyboard,Electronics,1," ₹ 1,500 "," ₹ 2,000 ",2026-01-24 00:00:00,Cancelled,Processing,Marketplace,Regular," ₹ 30,00,000 ",0%
C0168,Mohit Shah,mohit.shah@gmail.com,7498319477,bhopal,madhya pradesh,Desk,Furniture,1," ₹ 12,000 "," ₹ 12,000 ",2025-03-28 00:00:00,Cancelled,Returned,Store,Regular," ₹ 14,40,00,000 ",1%
C0169,Priya Chauhan,priya.chauhan@gmail.com,8595486432,chennai,tamil nadu,Office Chair,Furniture,4," ₹ 8,500 "," ₹ 34,000 ",2024-10-03 00:00:00,Paid,Delivered,Online,Regular," ₹ 28,90,00,000 ",2%
C0169,Suresh Sharma,suresh.sharma@gmail.com,8676848676,mumbai,maharashtra,Desk,Furniture,5, ₹ -   ," ₹ 60,000 ",2025-03-09 00:00:00,Refunded,Shipped,Online,Regular, ₹ -   ,0%
C0171,Isha Kaur,isha.kaur@gmail.com,7690587281,kolkata,west bengal,Notebook,Stationery,5, ₹ 120 , ₹ 600 ,2024-07-05 00:00:00,Pending,Shipped,Online,Regular," ₹ 72,000 ",0%
C0171,Simran Gupta,simran.gupta@gmail.com,Not Available,bengaluru,karnataka,Smartphone,Electronics,3," ₹ 28,000 "," ₹ 84,000 ",2025-06-30 00:00:00,Refunded,Processing,Store,Regular," ₹ 2,35,20,00,000 ",15%
C0172,Priya Shah,priya.shah@gmail.com,9201171190,ahmedabad,gujarat,Smartphone,Electronics,6," ₹ 28,000 "," ₹ 1,68,000 ",2025-07-29 00:00:00,Pending,Returned,Online,Regular," ₹ 4,70,40,00,000 ",31%
C0172,Arjun Yadav,arjun.yadav@gmail.com,7513891087,delhi,delhi,Mouse,Electronics,1, ₹ 800 , ₹ 800 ,2024-02-13 00:00:00,Refunded,Returned,Online,Regular," ₹ 6,40,000 ",0%
C0172,Nikhil Shah,nikhil.shah@gmail.com,Not Available,lucknow,uttar pradesh,Notebook,Stationery,6, ₹ 120 , ₹ 720 ,2025-05-25 00:00:00,Refunded,Shipped,Store,Regular," ₹ 86,400 ",0%
C0174,Rahul Gupta,rahul.gupta@gmail.com,8400661168,surat,gujarat,Desk,Furniture,7," ₹ 12,000 "," ₹ 84,000 ",2025-08-04 00:00:00,Refunded,Processing,Online,Regular," ₹ 1,00,80,00,000 ",7%
C0175,Amit Patel,amit.patel@gmail.com,8867852958,kolkata,west bengal,Laptop,Electronics,3," ₹ 55,000 "," ₹ 1,65,000 ",2024-11-30 00:00:00,Refunded,Processing,Online,Gold," ₹ 9,07,50,00,000 ",60%
C0175,Pooja Patel,pooja.patel@gmail.com,9033970459,indore,madhya pradesh,Monitor,Electronics,5," ₹ 12,000 "," ₹ 60,000 ",2026-03-14 00:00:00,Refunded,Cancelled,Store,Regular," ₹ 72,00,00,000 ",5%
C0176,Meena Sharma,meena.sharma@gmail.com,9291647639,rajkot,gujarat,Headphones,Electronics,1," ₹ 2,500 "," ₹ 2,500 ",2025-10-16 00:00:00,Pending,Processing,Online,Regular," ₹ 62,50,000 ",0%
C0178,Vikas Patel,vikas.patel@gmail.com,7518597947,mumbai,maharashtra,Keyboard,Electronics,7," ₹ 1,500 "," ₹ 10,500 ",2024-06-21 00:00:00,Cancelled, Returned ,Online,Regular," ₹ 1,57,50,000 ",0%
C0179,Isha Desai,isha.desai@gmail.com,7161581876,hyderabad,telangana,Keyboard,Electronics,8, ₹ -   ," ₹ 12,000 ",2025-09-18 00:00:00,Paid,Processing,Store,Regular, ₹ -   ,0%
C0179,Meena Kaur,meena.kaur@gmail.com,8125276504,kolkata,west bengal,Keyboard,Electronics,6," ₹ 1,500 "," ₹ 9,000 ",2026-05-17 00:00:00,Pending,Shipped,Online,Regular," ₹ 1,35,00,000 ",0%
C0180,Sneha Sharma,sneha.sharma@gmail.com,7387652480,surat,gujarat,Mouse,Electronics,4, ₹ 800 ," ₹ 3,200 ",2024-01-21 00:00:00,Refunded,Delivered,Store,Regular," ₹ 25,60,000 ",0%
C0181,Kavita Joshi,kavita.joshi@gmail.com,7577551466,bhopal,madhya pradesh,Backpack,Accessories,6," ₹ 1,800 "," ₹ 10,800 ",2026-03-15 00:00:00,Refunded,Processing,Store,Regular," ₹ 1,94,40,000 ",0%
C0182,Sneha Kaur,sneha.kaur@gmail.com,9640323269,hyderabad,telangana,Laptop,Electronics,2," ₹ 55,000 "," ₹ 1,10,000 ",2024-04-05 00:00:00,Refunded,Shipped,Marketplace,Gold," ₹ 6,05,00,00,000 ",40%
C0183,Priya Singh,priya.singh@gmail.com,7459798459,jaipur,rajasthan,Mouse,Electronics,2, ₹ 800 ," ₹ 1,600 ",2024-02-02 00:00:00,Refunded,Cancelled,Marketplace,Regular," ₹ 12,80,000 ",0%
C0185,Rohan Chauhan,rohan.chauhan@gmail.com,9755328890,kolkata,west bengal,Backpack,Accessories,7," ₹ 1,800 "," ₹ 12,600 ",2025-01-18 00:00:00,Refunded,Cancelled,Store,Regular," ₹ 2,26,80,000 ",0%
C0185,Kavita Kaur,kavita.kaur@gmail.com,7330005804,rajkot,gujarat,Desk,Furniture,2," ₹ 12,000 "," ₹ 24,000 ",2024-12-02 00:00:00,Paid,Processing,Marketplace,Regular," ₹ 28,80,00,000 ",2%
C0185,Kavita Kaur,kavita.kaur@gmail.com,7330005804,rajkot,gujarat,Desk,Furniture,2," ₹ 12,000 "," ₹ 24,000 ",2024-12-02 00:00:00,Paid,Processing,Marketplace,Regular," ₹ 28,80,00,000 ",2%
C0187,Priya Verma,priya.verma@gmail.com,8628238707,pune,maharashtra,Mouse,Electronics,8, ₹ 800 ," ₹ 6,400 ",2024-11-30 00:00:00,Cancelled,Cancelled,Store,Regular," ₹ 51,20,000 ",0%
C0187,Sneha Singh,sneha.singh@gmail.com,8523961606,lucknow,uttar pradesh,Headphones,Electronics,6," ₹ 2,500 "," ₹ 15,000 ",2024-10-13 00:00:00,Cancelled,Returned,Online,Regular," ₹ 3,75,00,000 ",0%
C0187,Nikhil Patel,nikhil.patel@gmail.com,8935573331,hyderabad,telangana,Mouse,Electronics,3, ₹ 800 ," ₹ 2,400 ",2024-07-24 00:00:00,Paid,Shipped,Online,Regular," ₹ 19,20,000 ",0%
C0188,Arjun Chauhan,arjun.chauhan@gmail.com,7384951755,vadodara,gujarat,Headphones,Electronics,7," ₹ 2,500 "," ₹ 17,500 ",2025-11-25 00:00:00,Pending,Delivered,Marketplace,Regular," ₹ 4,37,50,000 ",0%
C0188,Arjun Joshi,arjun.joshi@gmail.com,8072910527,indore,madhya pradesh,Monitor,Electronics,8," ₹ 12,000 "," ₹ 96,000 ",2026-04-07 00:00:00,Paid,Delivered,Marketplace,Regular," ₹ 1,15,20,00,000 ",8%
C0188,Mohit Mishra,mohit.mishra@gmail.com,7025953043,ahmedabad,gujarat,Desk,Furniture,2," ₹ 12,000 "," ₹ 24,000 ",2024-07-16 00:00:00,Paid,Shipped,Online,Regular," ₹ 28,80,00,000 ",2%
C0189,Priya Verma,priya.verma@gmail.com,9051831252,ahmedabad,gujarat,Monitor,Electronics,7," ₹ 12,000 "," ₹ 84,000 ",2025-05-18 00:00:00,Paid,Returned,Marketplace,Regular," ₹ 1,00,80,00,000 ",7%
C0189,Riya Yadav,riya.yadav@gmail.com,7331611163,indore,madhya pradesh,USB Drive,Accessories,8, ₹ 900 ," ₹ 7,200 ",2025-05-03 00:00:00,Cancelled,Cancelled,Store,Regular," ₹ 64,80,000 ",0%
C0189,Nikhil Patel,nikhil.patel@gmail.com,9169561289,vadodara,gujarat,Office Chair,Furniture,7," ₹ 8,500 "," ₹ 59,500 ",2024-04-04 00:00:00,Cancelled,Shipped,Online,Regular," ₹ 50,57,50,000 ",3%
C0189,Rahul Mehta,unknown,7042486233,ahmedabad,gujarat,Smartphone,Electronics,1," ₹ 28,000 "," ₹ 28,000 ",2025-07-22 00:00:00,Paid,Shipped,Store,Regular," ₹ 78,40,00,000 ",5%
C0189,Riya Joshi,riya.joshi@gmail.com,8034950478,indore,madhya pradesh,Mouse,Electronics,5, ₹ 800 ," ₹ 4,000 ",2026-05-28 00:00:00,Pending,Cancelled,Online,Regular," ₹ 32,00,000 ",0%
C0190,Rahul Chauhan,rahul.chauhan@gmail.com,9628440956,hyderabad,telangana,Headphones,Electronics,4," ₹ 2,500 "," ₹ 10,000 ",2025-09-02 00:00:00,Pending,Shipped,Marketplace,Regular," ₹ 2,50,00,000 ",0%
C0190,Karan Singh,karan.singh@gmail.com,9079617090,mumbai,maharashtra,USB Drive,Accessories,5, ₹ 900 ," ₹ 4,500 ",2024-04-12 00:00:00,Pending,Processing,Online,Regular," ₹ 40,50,000 ",0%
C0191,Kavita Mishra,kavita.mishra@gmail.com,8829729510,ahmedabad,gujarat,Laptop,Electronics,6," ₹ 55,000 "," ₹ 3,30,000 ",2025-04-19 00:00:00,Pending,Shipped,Store,Gold," ₹ 18,15,00,00,000 ",119%
C0193,Nikhil Mehta,nikhil.mehta@gmail.com,9674192109,lucknow,uttar pradesh,Desk,Furniture,8," ₹ 12,000 "," ₹ 96,000 ",2026-02-17 00:00:00,Paid,Shipped,Store,Regular," ₹ 1,15,20,00,000 ",8%
C0193,Neha Kaur,neha.kaur@gmail.com,8687477596,rajkot,gujarat,Desk,Furniture,4," ₹ 12,000 "," ₹ 48,000 ",2026-01-03 00:00:00,Cancelled,Delivered,Store,Regular," ₹ 57,60,00,000 ",4%
C0193,Rohan Verma,rohan.verma@gmail.com,7924332531,vadodara,gujarat,Pen Set,Stationery,4, ₹ 250 ," ₹ 1,000 ",2025-08-28 00:00:00,Cancelled,Processing,Online,Regular," ₹ 2,50,000 ",0%
C0194,Neha Sharma,unknown,9835527487,delhi,delhi,Pen Set,Stationery,1, ₹ 250 , ₹ 250 ,2024-09-03 00:00:00,Pending,Delivered,Online,Regular," ₹ 62,500 ",0%
C0197,Meena Kumar,meena.kumar@gmail.com,7665484476,ahmedabad,gujarat,Headphones,Electronics,2," ₹ 2,500 "," ₹ 5,000 ",2025-06-03 00:00:00,Paid,Processing,Marketplace,Regular," ₹ 1,25,00,000 ",0%
C0197,Riya Shah,riya.shah@gmail.com,9982227275,pune,maharashtra,Smartphone,Electronics,7," ₹ 28,000 "," ₹ 1,96,000 ",2025-10-13 00:00:00,Pending,Delivered,Marketplace,Regular," ₹ 5,48,80,00,000 ",36%
C0198,Isha Gupta,isha.gupta@gmail.com,9477575864,lucknow,uttar pradesh,Laptop,Electronics,4," ₹ 55,000 "," ₹ 2,20,000 ",2026-07-02 00:00:00,Refunded,Returned,Online,Gold," ₹ 12,10,00,00,000 ",80%
C0198,Rahul Desai,rahul.desai@gmail.com,9546681221,rajkot,gujarat,Desk,Furniture,7," ₹ 12,000 "," ₹ 84,000 ",2024-03-05 00:00:00,Cancelled,Cancelled,Marketplace,Regular," ₹ 1,00,80,00,000 ",7%
C0198,Anjali Joshi,anjali.joshi@gmail.com,7420854556,vadodara,gujarat,USB Drive,Accessories,7, ₹ 900 ," ₹ 6,300 ",2026-04-28 00:00:00,Refunded,Delivered,Online,Regular," ₹ 56,70,000 ",0%
C0200,Rohan Reddy,rohan.reddy@gmail.com,9233616746,bhopal,madhya pradesh,Pen Set,Stationery,1, ₹ 250 , ₹ 150 ,2024-05-10 00:00:00,Refunded,Delivered,Store,Regular," ₹ 37,500 ",0%
C0204,Anjali Shah,anjali.shah@gmail.com,9068564728,jaipur,rajasthan,Notebook,Stationery,3, ₹ 120 , ₹ 360 ,2025-12-14 00:00:00,Refunded,Processing,Marketplace,Regular," ₹ 43,200 ",0%
C0205,Pooja Mehta,pooja.mehta@gmail.com,8225849566,chennai,tamil nadu,Laptop,Electronics,2, ₹ -   ," ₹ 1,10,000 ",2025-10-29 00:00:00,Pending,Returned,Marketplace,Regular, ₹ -   ,0%
C0205,Mohit Mehta,mohit.mehta@gmail.com,Not Available,indore,madhya pradesh,Mouse,Electronics,4, ₹ 800 ," ₹ 3,200 ",2024-01-25 00:00:00,Pending,Cancelled,Store,Regular," ₹ 25,60,000 ",0%
C0205,Sneha Joshi,sneha.joshi@gmail.com,8666831822,jaipur,rajasthan,Headphones,Electronics,7," ₹ 2,500 "," ₹ 17,500 ",2024-04-02 00:00:00,Refunded,Processing,Marketplace,Regular," ₹ 4,37,50,000 ",0%
C0206,Nikhil Sharma,nikhil.sharma@gmail.com,7294708501,bhopal,madhya pradesh,Monitor,Electronics,5," ₹ 12,000 "," ₹ 60,000 ",2026-01-13 00:00:00,Cancelled,Processing,Store,Regular," ₹ 72,00,00,000 ",5%
C0206,Isha Verma,isha.verma@gmail.com,7227999411,jaipur,rajasthan,Backpack,Accessories,1," ₹ 1,800 "," ₹ 1,800 ",2024-09-03 00:00:00,Refunded,Processing,Marketplace,Regular," ₹ 32,40,000 ",0%
C0207,Anjali Desai,unknown,8759889613,mumbai,maharashtra,Keyboard,Electronics,1," ₹ 1,500 "," ₹ 1,500 ",2025-07-15 00:00:00,Refunded,Shipped,Marketplace,Regular," ₹ 22,50,000 ",0%
C0207,Sneha Mishra,sneha.mishra@gmail.com,7323502003,indore,madhya pradesh,Notebook,Stationery,4, ₹ 120 , ₹ 480 ,2024-10-21 00:00:00,Cancelled,Delivered,Store,Regular," ₹ 57,600 ",0%
C0208,Rahul Yadav,rahul.yadav@gmail.com,8087103368,surat,gujarat,Desk,Furniture,8," ₹ 12,000 "," ₹ 96,000 ",2026-05-25 00:00:00,Refunded,Returned,Online,Regular," ₹ 1,15,20,00,000 ",8%
C0208,Simran Gupta,simran.gupta@gmail.com,7168926124,delhi,delhi,Backpack,Accessories,4," ₹ 1,800 "," ₹ 7,200 ",2024-11-02 00:00:00,Refunded,Delivered,Marketplace,Regular," ₹ 1,29,60,000 ",0%
C0211,Riya Sharma,riya.sharma@gmail.com,9856179077,rajkot,gujarat,Backpack,Accessories,4," ₹ 1,800 "," ₹ 7,200 ",2025-09-14 00:00:00,Refunded,Returned,Store,Regular," ₹ 1,29,60,000 ",0%
C0213,Pooja Desai,pooja.desai@gmail.com,7370191370,chennai,tamil nadu,Desk,Furniture,3," ₹ 12,000 "," ₹ 36,000 ",2024-06-26 00:00:00,Pending,Shipped,Marketplace,Regular," ₹ 43,20,00,000 ",3%
C0215,Mohit Chauhan,mohit.chauhan@gmail.com,8251258015,indore,madhya pradesh,USB Drive,Accessories,2, ₹ 900 ," ₹ 1,800 ",2026-04-18 00:00:00,Refunded,Cancelled,Online,Regular," ₹ 16,20,000 ",0%
C0216,Suresh Yadav,suresh.yadav@gmail.com,7432708635,pune,maharashtra,Smartphone,Electronics,5," ₹ 28,000 "," ₹ 1,40,000 ",2024-10-07 00:00:00,Cancelled,Shipped,Store,Regular," ₹ 3,92,00,00,000 ",26%
C0217,Karan Kumar,karan.kumar@gmail.com,7183291591,delhi,delhi,Monitor,Electronics,7," ₹ 12,000 "," ₹ 84,000 ",2024-07-25 00:00:00,Pending,Returned,Store,Regular," ₹ 1,00,80,00,000 ",7%
C0217,Arjun Mishra,arjun.mishra@gmail.com,7348697524,vadodara,gujarat,Mouse,Electronics,3, ₹ 800 ," ₹ 2,400 ",2025-07-19 00:00:00,Paid,Shipped,Online,Regular," ₹ 19,20,000 ",0%
C0217,Nikhil Joshi,nikhil.joshi@gmail.com,9912322067,indore,madhya pradesh,Notebook,Stationery,3, ₹ 120 , ₹ 360 ,2026-01-28 00:00:00,Pending,Delivered,Online,Regular," ₹ 43,200 ",0%
C0219,Sneha Patel,sneha.patel@gmail.com,7569941254,hyderabad,telangana,Mouse,Electronics,8, ₹ 800 ," ₹ 6,400 ",2024-01-10 00:00:00,Paid,Processing,Online,Regular," ₹ 51,20,000 ",0%
C0220,Vikas Sharma,vikas.sharma@gmail.com,9962321335,indore,madhya pradesh,Headphones,Electronics,3," ₹ 2,500 "," ₹ 7,500 ",2024-04-06 00:00:00,Paid,Cancelled,Store,Regular," ₹ 1,87,50,000 ",0%
C0221,Nikhil Patel,nikhil.patel@gmail.com,8482506118,delhi,delhi,Monitor,Electronics,5," ₹ 12,000 "," ₹ 60,000 ",2025-11-25 00:00:00,Refunded,Returned,Marketplace,Regular," ₹ 72,00,00,000 ",5%
C0223,Vikas Shah,vikas.shah@gmail.com,8338211662,lucknow,uttar pradesh,Desk,Furniture,6," ₹ 12,000 "," ₹ 72,000 ",2025-04-19 00:00:00,Paid,Processing,Online,Regular," ₹ 86,40,00,000 ",6%
C0225,Mohit Chauhan,mohit.chauhan@gmail.com,9690643430,chennai,tamil nadu,Mouse,Electronics,5, ₹ 800 ," ₹ 4,000 ",2024-02-24 00:00:00,Pending,Delivered,Online,Regular," ₹ 32,00,000 ",0%
C0229,Aditya Desai,aditya.desai@gmail.com,8249831874,vadodara,gujarat,Desk,Furniture,2," ₹ 12,000 "," ₹ 24,000 ",2025-02-10 00:00:00,Cancelled,Returned,Online,Regular," ₹ 28,80,00,000 ",2%
C0229,Pooja Shah,pooja.shah@gmail.com,8422996266,pune,maharashtra,Headphones,Electronics,5," ₹ 2,500 "," ₹ 12,500 ",2025-04-19 00:00:00,Paid,Cancelled,Online,Regular," ₹ 3,12,50,000 ",0%
C0230,Arjun Yadav,arjun.yadav@gmail.com,8311939403,kolkata,west bengal,USB Drive,Accessories,5, ₹ 900 ," ₹ 4,500 ",2025-03-09 00:00:00,Refunded,Processing,Store,Regular," ₹ 40,50,000 ",0%
C0231,Anjali Gupta,anjali.gupta@gmail.com,8219978197,indore,madhya pradesh,Monitor,Electronics,5," ₹ 12,000 "," ₹ 60,000 ",2024-07-20 00:00:00,Cancelled,Shipped,Marketplace,Regular," ₹ 72,00,00,000 ",5%
C0232,Isha Singh,isha.singh@gmail.com,8953175066,bhopal,madhya pradesh,Office Chair,Furniture,1," ₹ 8,500 "," ₹ 8,500 ",2024-09-24 00:00:00,Pending,Cancelled,Marketplace,Regular," ₹ 7,22,50,000 ",0%
C0232,Isha Singh,isha.singh@gmail.com,8953175066,bhopal,madhya pradesh,Office Chair,Furniture,1," ₹ 8,500 "," ₹ 8,500 ",2024-09-24 00:00:00,Pending,Cancelled,Marketplace,Regular," ₹ 7,22,50,000 ",0%
C0233,Karan Joshi,karan.joshi@gmail.com,8003833443,bengaluru,karnataka,Pen Set,Stationery,8, ₹ 250 ," ₹ 2,000 ",2026-01-09 00:00:00,Refunded,Processing,Online,Regular," ₹ 5,00,000 ",0%
C0234,Pooja Patel,pooja.patel@gmail.com,7999829240,indore,madhya pradesh,Monitor,Electronics,3," ₹ 12,000 "," ₹ 84,000 ",2024-10-11 00:00:00,Refunded,Processing,Online,Regular," ₹ 1,00,80,00,000 ",7%
C0235,Sneha Chauhan,sneha.chauhan@gmail.com,8637398296,pune,maharashtra,Pen Set,Stationery,2, ₹ 250 , ₹ 500 ,2025-03-11 00:00:00,Pending,Processing,Store,Regular," ₹ 1,25,000 ",0%
C0236,Mohit Yadav,mohit.yadav@gmail.com,7915422939,rajkot,gujarat,Desk,Furniture,6," ₹ 12,000 "," ₹ 72,000 ",2026-04-06 00:00:00,Refunded,Shipped,Store,Regular," ₹ 86,40,00,000 ",6%
C0236,Amit Gupta,amit.gupta@gmail.com,9763712703,mumbai,maharashtra,Mouse,Electronics,3, ₹ 800 ," ₹ 2,400 ",2024-07-10 00:00:00,pending,Processing,Marketplace,Regular," ₹ 19,20,000 ",0%
C0237,Suresh Desai,suresh.desai@gmail.com,7656293602,kolkata,west bengal,Mouse,Electronics,2, ₹ 800 ," ₹ 1,600 ",2025-02-28 00:00:00,Refunded,Processing,Marketplace,Regular," ₹ 12,80,000 ",0%
C0237,Riya Shah,riya.shah@gmail.com,7813726301,rajkot,gujarat,Notebook,Stationery,4, ₹ 120 , ₹ 480 ,2025-08-06 00:00:00,Pending,Returned,Marketplace,Regular," ₹ 57,600 ",0%
C0239,Riya Mehta,riya.mehta@gmail.com,9731349392,indore,madhya pradesh,USB Drive,Accessories,1, ₹ 900 , ₹ 900 ,2024-12-09 00:00:00,Paid,Cancelled,Marketplace,Regular," ₹ 8,10,000 ",0%
C0240,Riya Singh,riya.singh@gmail.com,7242425303,vadodara,gujarat,Notebook,Stationery,5, ₹ 120 , ₹ 600 ,2024-08-27 00:00:00,Cancelled,Returned,Marketplace,Regular," ₹ 72,000 ",0%
C0240,Sneha Sharma,sneha.sharma@gmail.com,9660933507,bhopal,madhya pradesh,Notebook,Stationery,6, ₹ 120 , ₹ 720 ,2025-09-16 00:00:00,Pending,Delivered,Marketplace,Regular," ₹ 86,400 ",0%
C0242,Simran Mishra,simran.mishra@gmail.com,9875932424,ahmedabad,gujarat,USB Drive,Accessories,8, ₹ 900 ," ₹ 7,200 ",2024-04-27 00:00:00,Refunded,Processing,Marketplace,Regular," ₹ 64,80,000 ",0%
C0244,Neha Sharma,neha.sharma@gmail.com,8359897631,hyderabad,telangana,Keyboard,Electronics,8," ₹ 1,500 "," ₹ 12,000 ",2024-09-23 00:00:00,Cancelled,Shipped,Online,Regular," ₹ 1,80,00,000 ",0%
C0244,Neha Sharma,neha.sharma@gmail.com,8687502175,hyderabad,telangana,Notebook,Stationery,8, ₹ 120 , ₹ 960 ,2024-06-06 00:00:00,Paid,Processing,Online,Regular," ₹ 1,15,200 ",0%
C0244,Isha Patel,isha.patel@gmail.com,Not Available,pune,maharashtra,Pen Set,Stationery,7, ₹ 250 ," ₹ 1,750 ",2026-04-05 00:00:00,Pending,Cancelled,Online,Regular," ₹ 4,37,500 ",0%
C0245,Riya Patel,riya.patel@gmail.com,9787598695,jaipur,rajasthan,USB Drive,Accessories,4, ₹ 900 ," ₹ 3,600 ",2026-02-10 00:00:00,Pending,Processing,Store,Regular," ₹ 32,40,000 ",0%
C0245,Rahul Kumar,rahul.kumar@gmail.com,7372987009,mumbai,maharashtra,Office Chair,Furniture,6," ₹ 8,500 "," ₹ 51,000 ",2025-11-16 00:00:00,Refunded,Cancelled,Marketplace,Regular," ₹ 43,35,00,000 ",3%
C0245,Aditya Shah,aditya.shah@gmail.com,8003143045,indore,madhya pradesh,Office Chair,Furniture,1," ₹ 8,500 "," ₹ 8,500 ",2024-11-21 00:00:00,Refunded,Cancelled,Store,Regular," ₹ 7,22,50,000 ",0%
C0245,Amit Sharma,amit.sharma@gmail.com,9060652074,chennai,tamil nadu,Headphones,Electronics,3," ₹ 2,500 "," ₹ 7,500 ",2025-12-21 00:00:00,Refunded,Returned,Marketplace,Regular," ₹ 1,87,50,000 ",0%
C0246,Priya Singh,priya.singh@gmail.com,9436779490,ahmedabad,gujarat,Monitor,Electronics,8," ₹ 12,000 "," ₹ 96,000 ",2026-04-15 00:00:00,Paid, Returned ,Online,Regular," ₹ 1,15,20,00,000 ",8%
C0247,Amit Gupta,amit.gupta@gmail.com,7053356336,kolkata,west bengal,USB Drive,Accessories,7, ₹ 900 ," ₹ 6,300 ",2024-08-11 00:00:00,Pending,Processing,Store,Regular," ₹ 56,70,000 ",0%
C0248,Arjun Singh,arjun.singh@gmail.com,7984438848,rajkot,gujarat,Mouse,Electronics,6, ₹ 800 ," ₹ 4,800 ",2024-06-08 00:00:00,Paid,Delivered,Online,Regular," ₹ 38,40,000 ",0%
C0251,Simran Joshi,simran.joshi@gmail.com,8629748727,mumbai,maharashtra,Backpack,Accessories,4," ₹ 1,800 "," ₹ 7,200 ",2025-12-02 00:00:00,Cancelled,Delivered,Online,Regular," ₹ 1,29,60,000 ",0%
C0254,Rohan Patel,rohan.patel@gmail.com,7217348079,mumbai,maharashtra,Office Chair,Furniture,7," ₹ 8,500 "," ₹ 59,500 ",2024-09-11 00:00:00,Pending,Processing,Marketplace,Regular," ₹ 50,57,50,000 ",3%
C0254,Isha Yadav,isha.yadav@gmail.com,9845865358,indore,madhya pradesh,Keyboard,Electronics,1," ₹ 1,500 "," ₹ 1,500 ",2024-04-29 00:00:00,Paid,Cancelled,Store,Regular," ₹ 22,50,000 ",0%
C0254,Priya Singh,priya.singh@gmail,8979269680,kolkata,west bengal,Monitor,Electronics,4," ₹ 12,000 "," ₹ 48,000 ",2025-04-29 00:00:00,Refunded,Processing,Store,Regular," ₹ 57,60,00,000 ",4%
C0256,Arjun Chauhan,arjun.chauhan@gmail.com,7494007097,indore,madhya pradesh,Headphones,Electronics,4," ₹ 2,500 "," ₹ 10,000 ",2025-11-13 00:00:00,Refunded,Shipped,Store,Regular," ₹ 2,50,00,000 ",0%
C0256,Amit Mehta,unknown,8102337464,lucknow,uttar pradesh,Monitor,Electronics,1," ₹ 12,000 "," ₹ 12,000 ",2024-02-19 00:00:00,Refunded,Cancelled,Marketplace,Regular," ₹ 14,40,00,000 ",1%
C0256,Amit Mehta,unknown,8102337464,lucknow,uttar pradesh,Monitor,Electronics,1," ₹ 12,000 "," ₹ 12,000 ",2024-02-19 00:00:00,Refunded,Cancelled,Marketplace,Regular," ₹ 14,40,00,000 ",1%
C0257,Sneha Joshi,sneha.joshi@gmail.com,7991372057,chennai,tamil nadu,Keyboard,Electronics,1," ₹ 1,500 "," ₹ 1,500 ",2024-04-11 00:00:00,Paid,Delivered,Store,Regular," ₹ 22,50,000 ",0%
C0257,Mohit Shah,mohit.shah@gmail.com,9418790740,jaipur,rajasthan,Mouse,Electronics,6, ₹ 800 ," ₹ 4,800 ",2026-03-05 00:00:00,Refunded,Cancelled,Marketplace,Regular," ₹ 38,40,000 ",0%
C0259,Simran Patel,simran.patel@gmail.com,7608759619,ahmedabad,gujarat,Headphones,Electronics,7," ₹ 2,500 "," ₹ 17,500 ",2024-03-24 00:00:00,Cancelled,Cancelled,Store,Regular," ₹ 4,37,50,000 ",0%
C0259,Riya Kaur,riya.kaur@gmail.com,8949597857,surat,gujarat,Office Chair,Furniture,1," ₹ 8,500 "," ₹ 8,500 ",2026-05-24 00:00:00,Cancelled,Cancelled,Store,Regular," ₹ 7,22,50,000 ",0%
C0259,Anjali Verma,anjali.verma@gmail.com,8704657157,ahmedabad,gujarat,Smartphone,Electronics,7," ₹ 28,000 "," ₹ 1,96,000 ",2025-04-15 00:00:00,Pending,Shipped,Store,Regular," ₹ 5,48,80,00,000 ",36%
C0259,Karan Joshi,karan.joshi@gmail.com,8297703275,chennai,tamil nadu,Notebook,Stationery,7, ₹ 120 , ₹ 840 ,2025-08-21 00:00:00,Paid,Delivered,Marketplace,Regular," ₹ 1,00,800 ",0%
C0259,Karan Joshi,karan.joshi@gmail.com,8297703275,chennai,tamil nadu,Notebook,Stationery,7, ₹ 120 , ₹ 840 ,2025-08-21 00:00:00,Paid,Delivered,Marketplace,Regular," ₹ 1,00,800 ",0%
C0265,Suresh Reddy,suresh.reddy@gmail.com,7519546158,surat,gujarat,Mouse,Electronics,4, ₹ 800 ," ₹ 3,200 ",2026-02-09 00:00:00,Pending,Cancelled,Marketplace,Regular," ₹ 25,60,000 ",0%
C0266,Kavita Joshi,kavita.joshi@gmail.com,9692246047,bhopal,madhya pradesh,Pen Set,Stationery,2, ₹ 250 , ₹ 500 ,2026-06-08 00:00:00,Pending,Delivered,Store,Regular," ₹ 1,25,000 ",0%
C0266,Amit Sharma,amit.sharma@gmail.com,7276905285,rajkot,gujarat,Backpack,Accessories,8," ₹ 1,800 "," ₹ 14,400 ",2026-04-08 00:00:00,Pending,Delivered,Store,Regular," ₹ 2,59,20,000 ",0%
C0266,Amit Sharma,amit.sharma@gmail.com,7276905285,rajkot,gujarat,Backpack,Accessories,8," ₹ 1,800 "," ₹ 14,400 ",2026-04-08 00:00:00,Pending,Delivered,Store,Regular," ₹ 2,59,20,000 ",0%
C0266,Nikhil Mehta,nikhil.mehta@gmail.com,7531772868,surat,gujarat,Backpack,Accessories,2," ₹ 1,800 "," ₹ 3,600 ",2025-04-04 00:00:00,Cancelled,Returned,Marketplace,Regular," ₹ 64,80,000 ",0%
C0268,Meena Joshi,meena.joshi@gmail.com,7776569551,lucknow,uttar pradesh,Notebook,Stationery,1, ₹ 120 , ₹ 120 ,2024-12-17 00:00:00,Paid,Shipped,Marketplace,Regular," ₹ 14,400 ",0%
C0269,Meena Yadav,meena.yadav@gmail.com,8936930132,bhopal,madhya pradesh,Mouse,Electronics,6, ₹ 800 ," ₹ 4,800 ",2025-08-19 00:00:00,Refunded,Delivered,Online,Regular," ₹ 38,40,000 ",0%
C0270,Aditya Shah,aditya.shah@gmail.com,9506254832,delhi,delhi,Smartphone,Electronics,4," ₹ 28,000 "," ₹ 1,12,000 ",2024-05-21 00:00:00,Refunded,Delivered,Online,Regular," ₹ 3,13,60,00,000 ",21%
C0271,Anjali Singh,anjali.singh@gmail.com,7183860832,chennai,tamil nadu,Mouse,Electronics,6, ₹ 800 ," ₹ 4,800 ",2025-01-02 00:00:00,Refunded,Cancelled,Online,Regular," ₹ 38,40,000 ",0%
C0274,Neha Verma,neha.verma@gmail.com,9810382991,hyderabad,telangana,Office Chair,Furniture,8," ₹ 8,500 "," ₹ 68,000 ",2026-03-02 00:00:00,Pending,Returned,Online,Regular," ₹ 57,80,00,000 ",4%
C0275,Amit Mehta,amit.mehta@gmail.com,8471982906,vadodara,gujarat,Monitor,Electronics,7," ₹ 12,000 "," ₹ 84,000 ",2025-02-13 00:00:00,Refunded,Processing,Store,Regular," ₹ 1,00,80,00,000 ",7%
C0275,Amit Mehta,amit.mehta@gmail.com,8471982906,vadodara,gujarat,Monitor,Electronics,7," ₹ 12,000 "," ₹ 84,000 ",2025-02-13 00:00:00,Refunded,Processing,Store,Regular," ₹ 1,00,80,00,000 ",7%
C0275,Rohan Shah,rohan.shah@gmail.com,9722583581,vadodara,gujarat,USB Drive,Accessories,7, ₹ 900 ," ₹ 6,300 ",2024-11-20 00:00:00,Cancelled,Delivered,Online,Regular," ₹ 56,70,000 ",0%
C0276,Kavita Yadav,kavita.yadav@gmail.com,9772636814,ahmedabad,gujarat,Mouse,Electronics,8, ₹ 800 ," ₹ 6,400 ",2024-04-08 00:00:00,Refunded,Cancelled,Marketplace,Regular," ₹ 51,20,000 ",0%
C0276,Simran Desai,simran.desai@gmail.com,9933923529,bhopal,madhya pradesh,Mouse,Electronics,8, ₹ 800 ," ₹ 6,400 ",2026-01-24 00:00:00,Pending,Shipped,Marketplace,Regular," ₹ 51,20,000 ",0%
C0276,Pooja Verma,pooja.verma@gmail.com,9117951204,vadodara,gujarat,Monitor,Electronics,3," ₹ 12,000 "," ₹ 36,000 ",2025-03-21 00:00:00,Cancelled,Cancelled,Store,Regular," ₹ 43,20,00,000 ",3%
C0276,Kavita Shah,kavita.shah@gmail.com,8941289685,ahmedabad,gujarat,Backpack,Accessories,2," ₹ 1,800 "," ₹ 3,600 ",2025-02-16 00:00:00,Cancelled,Processing,Store,Regular," ₹ 64,80,000 ",0%
C0277,Priya Mishra,priya.mishra@gmail.com,8069481523,indore,madhya pradesh,Mouse,Electronics,2, ₹ 800 ," ₹ 1,600 ",2024-01-02 00:00:00,Cancelled,Returned,Store,Regular," ₹ 12,80,000 ",0%
C0277,Meena Gupta,meena.gupta@gmail.com,8856365377,indore,madhya pradesh,Office Chair,Furniture,4," ₹ 8,500 "," ₹ 34,000 ",2024-05-29 00:00:00,Pending,Cancelled,Online,Regular," ₹ 28,90,00,000 ",2%
C0279,Karan Kumar,karan.kumar@gmail.com,7015464229,vadodara,gujarat,Pen Set,Stationery,4, ₹ 250 ," ₹ 1,000 ",2025-08-29 00:00:00,Paid,Returned,Store,Regular," ₹ 2,50,000 ",0%
C0279,Meena Patel,meena.patel@gmail.com,7870644102,vadodara,gujarat,Pen Set,Stationery,2, ₹ 250 , ₹ 500 ,2024-08-06 00:00:00,Paid,Shipped,Store,Regular," ₹ 1,25,000 ",0%
C0280,Kavita Joshi,kavita.joshi@gmail.com,7124660666,delhi,delhi,Smartphone,Electronics,7," ₹ 28,000 "," ₹ 1,96,000 ",2026-01-11 00:00:00,Pending,Cancelled,Online,Regular," ₹ 5,48,80,00,000 ",36%
C0280,Rohan Joshi,rohan.joshi@gmail.com,8537971916,vadodara,gujarat,Mouse,Electronics,1, ₹ 800 , ₹ 800 ,2025-11-22 00:00:00,Pending,Cancelled,Marketplace,Regular," ₹ 6,40,000 ",0%
C0280,Amit Yadav,amit.yadav@gmail.com,9280901028,jaipur,rajasthan,Office Chair,Furniture,4," ₹ 8,500 "," ₹ 34,000 ",2024-12-21 00:00:00,Paid,Processing,Marketplace,Regular," ₹ 28,90,00,000 ",2%
C0281,Karan Chauhan,karan.chauhan@gmail.com,7724156214,hyderabad,telangana,Keyboard,Electronics,8," ₹ 1,500 "," ₹ 12,000 ",2026-03-15 00:00:00,Paid,Shipped,Marketplace,Regular," ₹ 1,80,00,000 ",0%
C0281,Neha Mishra,neha.mishra@gmail.com,9226061246,jaipur,rajasthan,Desk,Furniture,6," ₹ 12,000 "," ₹ 72,000 ",2025-06-13 00:00:00,Paid,Shipped,Online,Regular," ₹ 86,40,00,000 ",6%
C0281,Rohan Verma,rohan.verma@gmail.com,7195185743,hyderabad,telangana,Laptop,Electronics,4," ₹ 55,000 "," ₹ 2,20,000 ",2026-01-28 00:00:00,Refunded,Cancelled,Marketplace,Gold," ₹ 12,10,00,00,000 ",80%
C0281,Karan Chauhan,karan.chauhan@gmail.com,7724156214,hyderabad,telangana,Keyboard,Electronics,8," ₹ 1,500 "," ₹ 12,000 ",2026-03-15 00:00:00,Paid,Shipped,Marketplace,Regular," ₹ 1,80,00,000 ",0%
C0284,Riya Mehta,riya.mehta@gmail.com,8894577179,chennai,tamil nadu,Monitor,Electronics,5," ₹ 12,000 "," ₹ 60,000 ",2024-06-01 00:00:00,Pending,Processing,Online,Regular," ₹ 72,00,00,000 ",5%
C0285,Kavita Gupta,kavita.gupta@gmail.com,8927845458,pune,maharashtra,Laptop,Electronics,7," ₹ 55,000 "," ₹ 3,85,000 ",2024-07-18 00:00:00,Cancelled,Delivered,Marketplace,Gold," ₹ 21,17,50,00,000 ",139%
C0286,Riya Verma,riya.verma@gmail.com,7965796553,mumbai,maharashtra,Headphones,Electronics,4," ₹ 2,500 "," ₹ 10,000 ",2025-12-07 00:00:00,Refunded,Processing,Store,Regular," ₹ 2,50,00,000 ",0%
C0286,Amit Chauhan,amit.chauhan@gmail.com,8198832728,pune,maharashtra,Backpack,Accessories,7," ₹ 1,800 "," ₹ 12,600 ",2025-11-26 00:00:00,Cancelled,Delivered,Online,Regular," ₹ 2,26,80,000 ",0%
C0286,Amit Chauhan,amit.chauhan@gmail.com,8198832728,pune,maharashtra,Backpack,Accessories,7," ₹ 1,800 "," ₹ 12,600 ",2025-11-26 00:00:00,Cancelled,Delivered,Online,Regular," ₹ 2,26,80,000 ",0%
C0287,Amit Sharma,amit.sharma@gmail.com,7994167107,bhopal,madhya pradesh,Notebook,Stationery,7, ₹ 120 , ₹ 840 ,2025-12-18 00:00:00,Cancelled,Cancelled,Marketplace,Regular," ₹ 1,00,800 ",0%
C0287,Suresh Kumar,suresh.kumar@gmail.com,8800599868,rajkot,gujarat,Backpack,Accessories,4," ₹ 1,800 "," ₹ 7,200 ",2025-10-07 00:00:00,Paid,Cancelled,Marketplace,Regular," ₹ 1,29,60,000 ",0%
C0288,Rohan Patel,rohan.patel@gmail.com,8999454573,jaipur,rajasthan,Office Chair,Furniture,3," ₹ 8,500 "," ₹ 25,500 ",2026-02-17 00:00:00,Cancelled,Shipped,Store,Regular," ₹ 21,67,50,000 ",1%
C0289,Mohit Shah,mohit.shah@gmail.com,8696998516,indore,madhya pradesh,Backpack,Accessories,1," ₹ 1,800 "," ₹ 1,800 ",2025-04-30 00:00:00,Pending,Returned,Online,Regular," ₹ 32,40,000 ",0%
C0289,Arjun Kumar,arjun.kumar@gmail.com,8882985094,kolkata,west bengal,Laptop,Electronics,4," ₹ 55,000 "," ₹ 2,20,000 ",2024-04-02 00:00:00,pending,Delivered,Store,Gold," ₹ 12,10,00,00,000 ",80%
C0291,Karan Patel,karan.patel@gmail.com,9197612808,bengaluru,karnataka,Headphones,Electronics,6," ₹ 2,500 "," ₹ 15,000 ",2026-02-14 00:00:00,Pending,Delivered,Online,Regular," ₹ 3,75,00,000 ",0%
C0291,Rohan Desai,unknown,9857659513,indore,madhya pradesh,USB Drive,Accessories,1, ₹ 900 , ₹ 900 ,2025-05-09 00:00:00,Cancelled,Processing,Marketplace,Regular," ₹ 8,10,000 ",0%
C0291,Mohit Mishra,mohit.mishra@gmail.com,7542934161,vadodara,gujarat,Notebook,Stationery,3, ₹ 120 , ₹ 360 ,2024-01-30 00:00:00,Paid,Processing,Store,Regular," ₹ 43,200 ",0%
C0293,Sneha Singh,sneha.singh@gmail.com,7526723719,vadodara,gujarat,Monitor,Electronics,8," ₹ 12,000 "," ₹ 96,000 ",2024-06-25 00:00:00,Refunded,Delivered,Marketplace,Regular," ₹ 1,15,20,00,000 ",8%
C0297,Simran Sharma,simran.sharma@gmail.com,7258449780,bhopal,madhya pradesh,Desk,Furniture,5," ₹ 12,000 "," ₹ 60,000 ",2025-09-04 00:00:00,Cancelled,Cancelled,Store,Regular," ₹ 72,00,00,000 ",5%
C0297,Pooja Joshi,pooja.joshi@gmail.com,7354828271,lucknow,uttar pradesh,Office Chair,Furniture,4," ₹ 8,500 "," ₹ 34,000 ",2025-09-24 00:00:00,Pending,Returned,Online,Regular," ₹ 28,90,00,000 ",2%
C0298,Pooja Joshi,pooja.joshi@gmail.com,8260766339,mumbai,maharashtra,Mouse,Electronics,1, ₹ 800 , ₹ 800 ,2026-01-25 00:00:00,Refunded,Shipped,Store,Regular," ₹ 6,40,000 ",0%
C0298,Amit Verma,amit.verma@gmail.com,7421776124,rajkot,gujarat,USB Drive,Accessories,8, ₹ 900 ," ₹ 7,200 ",2024-12-04 00:00:00,Cancelled,Shipped,Marketplace,Regular," ₹ 64,80,000 ",0%
C0298,Mohit Desai,mohit.desai@gmail.com,9234621711,hyderabad,telangana,Notebook,Stationery,6, ₹ 120 , ₹ 720 ,2025-03-20 00:00:00,Pending,Processing,Store,Regular," ₹ 86,400 ",0%
C0298,Anjali Kaur,anjali.kaur@gmail.com,9887823121,vadodara,gujarat,USB Drive,Accessories,3, ₹ 900 ," ₹ 2,700 ",2025-05-30 00:00:00,Cancelled,Delivered,Store,Regular," ₹ 24,30,000 ",0%
C0299,Nikhil Mishra,nikhil.mishra@gmail.com,7329968072,bengaluru,karnataka,Mouse,Electronics,3, ₹ 800 ," ₹ 2,400 ",2026-02-22 00:00:00,Paid,Returned,Online,Regular," ₹ 19,20,000 ",0%
C0300,Rohan Mishra,rohan.mishra@gmail.com,9108307952,ahmedabad,gujarat,Laptop,Electronics,5," ₹ 55,000 "," ₹ 2,75,000 ",2025-04-25 00:00:00,Refunded,Cancelled,Store,Gold," ₹ 15,12,50,00,000 ",99%
C0301,Kavita Kumar,kavita.kumar@gmail.com,8948728483,surat,gujarat,USB Drive,Accessories,5, ₹ 900 ," ₹ 4,500 ",2025-05-27 00:00:00,Pending,Returned,Online,Regular," ₹ 40,50,000 ",0%
C0302,Suresh Shah,suresh.shah@gmail.com,7411587803,hyderabad,telangana,Office Chair,Furniture,4," ₹ 8,500 "," ₹ 34,000 ",2026-06-04 00:00:00,Paid,Cancelled,Store,Regular," ₹ 28,90,00,000 ",2%
C0303,Mohit Gupta,mohit.gupta@gmail.com,8510002930,rajkot,gujarat,Pen Set,Stationery,1, ₹ 250 , ₹ 250 ,2025-04-21 00:00:00,Cancelled,Cancelled,Store,Regular," ₹ 62,500 ",0%
C0304,Neha Gupta,neha.gupta@gmail.com,8783634101,vadodara,gujarat,Laptop,Electronics,4," ₹ 55,000 "," ₹ 2,20,000 ",2024-01-25 00:00:00,Pending,Cancelled,Store,Gold," ₹ 12,10,00,00,000 ",80%
C0304,Karan Sharma,karan.sharma@gmail.com,9487560384,kolkata,west bengal,Notebook,Stationery,1, ₹ 120 , ₹ 120 ,2026-02-04 00:00:00,Cancelled,Delivered,Online,Regular," ₹ 14,400 ",0%
C0304,Karan Mehta,karan.mehta@gmail.com,9207160929,ahmedabad,gujarat,Monitor,Electronics,3," ₹ 12,000 "," ₹ 36,000 ",2026-03-02 00:00:00,Paid,Delivered,Online,Regular," ₹ 43,20,00,000 ",3%
C0305,Aditya Shah,aditya.shah@gmail.com,8311598149,hyderabad,telangana,Pen Set,Stationery,1, ₹ 250 , ₹ 750 ,2025-09-16 00:00:00,Paid,Shipped,Marketplace,Regular," ₹ 1,87,500 ",0%
C0306,Rahul Kaur,rahul.kaur@gmail.com,7767412175,chennai,tamil nadu,Pen Set,Stationery,1, ₹ 250 , ₹ 250 ,2024-04-30 00:00:00,Cancelled,Processing,Store,Regular," ₹ 62,500 ",0%
C0306,Kavita Sharma,unknown,7647588523,vadodara,gujarat,Mouse,Electronics,1, ₹ 800 ," ₹ 4,800 ",2025-02-23 00:00:00,Refunded,Shipped,Store,Regular," ₹ 38,40,000 ",0%
C0309,Sneha Desai,sneha.desai@gmail.com,9287159563,rajkot,gujarat,Office Chair,Furniture,7," ₹ 8,500 "," ₹ 59,500 ",2025-04-30 00:00:00,Cancelled,Shipped,Marketplace,Regular," ₹ 50,57,50,000 ",3%
C0309,Suresh Gupta,suresh.gupta@gmail.com,7001743499,mumbai,maharashtra,Headphones,Electronics,4," ₹ 2,500 "," ₹ 10,000 ",2025-03-16 00:00:00,Cancelled,Cancelled,Store,Regular," ₹ 2,50,00,000 ",0%
C0310,Arjun Singh,arjun.singh@gmail.com,9594306443,vadodara,gujarat,USB Drive,Accessories,5, ₹ 900 ," ₹ 4,500 ",2024-09-01 00:00:00,Cancelled,Processing,Store,Regular," ₹ 40,50,000 ",0%
C0310,Nikhil Gupta,nikhil.gupta@gmail.com,9828176084,bhopal,madhya pradesh,Office Chair,Furniture,5," ₹ 8,500 "," ₹ 42,500 ",2026-01-21 00:00:00,Refunded,Delivered,Online,Regular," ₹ 36,12,50,000 ",2%
C0311,Isha Gupta,isha.gupta@gmail.com,7401271939,bengaluru,karnataka,Backpack,Accessories,3," ₹ 1,800 "," ₹ 5,400 ",2025-08-29 00:00:00,Pending,Shipped,Marketplace,Regular," ₹ 97,20,000 ",0%
C0311,Meena Singh,meena.singh@gmail.com,Not Available,pune,maharashtra,Laptop,Electronics,5," ₹ 55,000 "," ₹ 2,75,000 ",2025-05-19 00:00:00,Pending,Delivered,Online,Gold," ₹ 15,12,50,00,000 ",99%
C0313,Nikhil Sharma,nikhil.sharma@gmail.com,8371454094,bengaluru,karnataka,Pen Set,Stationery,3, ₹ 250 , ₹ 750 ,2024-11-30 00:00:00,Pending,Shipped,Online,Regular," ₹ 1,87,500 ",0%
C0313,Vikas Yadav,vikas.yadav@gmail.com,7353183979,ahmedabad,gujarat,Keyboard,Electronics,4," ₹ 1,500 "," ₹ 6,000 ",2025-06-12 00:00:00,Pending,Returned,Marketplace,Regular," ₹ 90,00,000 ",0%
C0314,Kavita Kaur,kavita.kaur@gmail.com,8619559006,hyderabad,telangana,Keyboard,Electronics,6," ₹ 1,500 "," ₹ 9,000 ",2024-09-17 00:00:00,Paid,Shipped,Online,Regular," ₹ 1,35,00,000 ",0%
C0316,Pooja Gupta,pooja.gupta@gmail.com,Not Available,pune,maharashtra,Laptop,Electronics,2," ₹ 55,000 "," ₹ 1,10,000 ",2025-03-12 00:00:00,Cancelled,Processing,Store,Gold," ₹ 6,05,00,00,000 ",40%
C0316,Priya Singh,unknown,8697643337,hyderabad,telangana,Laptop,Electronics,1," ₹ 55,000 "," ₹ 55,000 ",2024-07-28 00:00:00,Cancelled,Shipped,Online,Gold," ₹ 3,02,50,00,000 ",20%
C0316,Rahul Shah,rahul.shah@gmail.com,9652236748,indore,madhya pradesh,Mouse,Electronics,8, ₹ 800 ," ₹ 6,400 ",2024-12-31 00:00:00,Paid,Processing,Online,Regular," ₹ 51,20,000 ",0%
C0316,Rahul Kumar,rahul.kumar@gmail.com,9111935339,surat,gujarat,Monitor,Electronics,2," ₹ 12,000 "," ₹ 24,000 ",2026-03-03 00:00:00,Refunded,Returned,Store,Regular," ₹ 28,80,00,000 ",2%
C0317,Isha Mehta,isha.mehta@gmail.com,8250110133,pune,maharashtra,Laptop,Electronics,3," ₹ 55,000 "," ₹ 1,65,000 ",2024-02-28 00:00:00,Pending,Returned,Marketplace,Gold," ₹ 9,07,50,00,000 ",60%
C0318,Amit Gupta,unknown,7872726570,lucknow,uttar pradesh,Keyboard,Electronics,6," ₹ 1,500 "," ₹ 9,000 ",2025-02-04 00:00:00,Paid,Processing,Marketplace,Regular," ₹ 1,35,00,000 ",0%
C0319,Amit Mishra,amit.mishra@gmail.com,9685620292,ahmedabad,gujarat,Laptop,Electronics,8," ₹ 55,000 "," ₹ 4,40,000 ",2025-03-18 00:00:00,Paid,Returned,Marketplace,Gold," ₹ 24,20,00,00,000 ",159%
C0321,Karan Shah,karan.shah@gmail.com,9997634920,delhi,delhi,Mouse,Electronics,8, ₹ 800 ," ₹ 6,400 ",2025-04-05 00:00:00,Paid,Processing,Online,Regular," ₹ 51,20,000 ",0%
C0321,Anjali Kaur,anjali.kaur@gmail.com,8285291868,vadodara,gujarat,Office Chair,Furniture,3," ₹ 8,500 "," ₹ 25,500 ",2025-10-18 00:00:00,Pending,Delivered,Marketplace,Regular," ₹ 21,67,50,000 ",1%
C0322,Rahul Desai,rahul.desai@gmail.com,9911682538,bengaluru,karnataka,USB Drive,Accessories,4, ₹ 900 ," ₹ 3,600 ",2025-11-16 00:00:00,Cancelled,Returned,Marketplace,Regular," ₹ 32,40,000 ",0%
C0323,Mohit Yadav,mohit.yadav@gmail.com,7230258601,indore,madhya pradesh,Smartphone,Electronics,1," ₹ 28,000 "," ₹ 28,000 ",2025-05-11 00:00:00,Pending,Shipped,Store,Regular," ₹ 78,40,00,000 ",5%
C0323,Sneha Kaur,sneha.kaur@gmail.com,9467541927,indore,madhya pradesh,Headphones,Electronics,8," ₹ 2,500 "," ₹ 20,000 ",2024-07-06 00:00:00,Cancelled,Cancelled,Online,Regular," ₹ 5,00,00,000 ",0%
C0326,Suresh Kumar,suresh.kumar@gmail.com,8482506257,lucknow,uttar pradesh,USB Drive,Accessories,7, ₹ -   ," ₹ 6,300 ",2025-05-03 00:00:00,Pending,Processing,Online,Regular, ₹ -   ,0%
C0326,Isha Singh,isha.singh@gmail.com,9747261955,hyderabad,telangana,Monitor,Electronics,8," ₹ 12,000 "," ₹ 96,000 ",2024-05-24 00:00:00,Cancelled,Delivered,Online,Regular," ₹ 1,15,20,00,000 ",8%
C0326,Amit Gupta,amit.gupta@gmail.com,9289052391,kolkata,west bengal,Monitor,Electronics,3," ₹ 12,000 "," ₹ 36,000 ",2024-11-21 00:00:00,Pending,Delivered,Store,Regular," ₹ 43,20,00,000 ",3%
C0327,Pooja Desai,pooja.desai@gmail.com,9984820893,chennai,tamil nadu,Desk,Furniture,3," ₹ 12,000 "," ₹ 48,000 ",2024-11-29 00:00:00,refunded,Processing,Store,Regular," ₹ 57,60,00,000 ",4%
C0327,Isha Singh,unknown,7125857393,bhopal,madhya pradesh,Headphones,Electronics,1," ₹ 2,500 "," ₹ 3,000 ",2026-04-08 00:00:00,Refunded,Returned,Store,Regular," ₹ 75,00,000 ",0%
C0327,Simran Shah,simran.shah@gmail.com,9647849438,kolkata,west bengal,Headphones,Electronics,6," ₹ 2,500 "," ₹ 15,000 ",2025-06-03 00:00:00,Refunded,Returned,Store,Regular," ₹ 3,75,00,000 ",0%
C0327,Arjun Patel,arjun.patel@gmail.com,7318688299,pune,maharashtra,Keyboard,Electronics,1," ₹ 1,500 "," ₹ 10,500 ",2024-06-13 00:00:00,Paid,Returned,Online,Regular," ₹ 1,57,50,000 ",0%
C0328,Amit Patel,amit.patel@gmail.com,8666873181,bengaluru,karnataka,Office Chair,Furniture,6," ₹ 8,500 "," ₹ 51,000 ",2026-05-27 00:00:00,Cancelled,Returned,Store,Regular," ₹ 43,35,00,000 ",3%
C0328,Anjali Chauhan,anjali.chauhan@gmail.com,9917580604,bhopal,madhya pradesh,Keyboard,Electronics,4," ₹ 1,500 "," ₹ 6,000 ",2024-04-19 00:00:00,Refunded,Delivered,Marketplace,Regular," ₹ 90,00,000 ",0%
C0329,Amit Mishra,amit.mishra@gmail.com,9314800617,indore,madhya pradesh,Office Chair,Furniture,4," ₹ 8,500 "," ₹ 34,000 ",2025-06-20 00:00:00,Refunded,Returned,Online,Regular," ₹ 28,90,00,000 ",2%
C0329,Neha Patel,neha.patel@gmail.com,8408405265,chennai,tamil nadu,Headphones,Electronics,5," ₹ 2,500 "," ₹ 12,500 ",2025-04-01 00:00:00,Refunded,Shipped,Marketplace,Regular," ₹ 3,12,50,000 ",0%
C0331,Karan Patel,karan.patel@gmail.com,7400571893,surat,gujarat,Office Chair,Furniture,1," ₹ 8,500 "," ₹ 9,000 ",2025-10-05 00:00:00,Pending,Delivered,Marketplace,Regular," ₹ 7,65,00,000 ",1%
C0331,Rohan Kumar,rohan.kumar@gmail.com,8653637143,pune,maharashtra,Smartphone,Electronics,8," ₹ 28,000 "," ₹ 2,24,000 ",2025-03-10 00:00:00,Refunded,Cancelled,Marketplace,Regular," ₹ 6,27,20,00,000 ",41%
C0332,Neha Chauhan,neha.chauhan@gmail.com,Not Available,indore,madhya pradesh,Notebook,Stationery,1, ₹ 120 , ₹ 120 ,2025-11-04 00:00:00,Refunded,Cancelled,Online,Regular," ₹ 14,400 ",0%
C0332,Aditya Patel,aditya.patel@gmail.com,7483312111,chennai,tamil nadu,Office Chair,Furniture,7," ₹ 8,500 "," ₹ 59,500 ",2025-01-09 00:00:00,Cancelled,Shipped,Store,Regular," ₹ 50,57,50,000 ",3%
C0333,Arjun Singh,arjun.singh@gmail.com,9498226986,chennai,tamil nadu,Office Chair,Furniture,3," ₹ 8,500 "," ₹ 25,500 ",2025-04-01 00:00:00,Pending,Cancelled,Store,Regular," ₹ 21,67,50,000 ",1%
C0333,Aditya Kumar,aditya.kumar@gmail.com,7907813747,indore,madhya pradesh,Laptop,Electronics,5," ₹ 55,000 "," ₹ 2,75,000 ",2024-11-26 00:00:00,Paid,Delivered,Marketplace,Gold," ₹ 15,12,50,00,000 ",99%
C0333,Amit Desai,amit.desai@gmail.com,9359118468,mumbai,maharashtra,USB Drive,Accessories,3, ₹ 900 ," ₹ 2,700 ",2025-02-22 00:00:00,cancelled,Processing,Online,Regular," ₹ 24,30,000 ",0%
C0334,Simran Sharma,simran.sharma@gmail.com,7251263235,mumbai,maharashtra,Office Chair,Furniture,2," ₹ 8,500 "," ₹ 17,000 ",2024-11-23 00:00:00,Pending,Cancelled,Store,Regular," ₹ 14,45,00,000 ",1%
C0334,Kavita Singh,kavita.singh@gmail.com,9907059529,bhopal,madhya pradesh,Smartphone,Electronics,4," ₹ 28,000 "," ₹ 1,12,000 ",2026-03-08 00:00:00,Paid,Processing,Online,Regular," ₹ 3,13,60,00,000 ",21%
C0335,Kavita Kumar,kavita.kumar@gmail.com,7862407093,vadodara,gujarat,Notebook,Stationery,6, ₹ 120 , ₹ 720 ,2025-06-27 00:00:00,Cancelled,Shipped,Store,Regular," ₹ 86,400 ",0%
C0336,Kavita Yadav,kavita.yadav@gmail.com,7955229116,bhopal,madhya pradesh,Pen Set,Stationery,3, ₹ 250 , ₹ 750 ,2025-08-10 00:00:00,paid,Cancelled,Online,Regular," ₹ 1,87,500 ",0%
C0337,Aditya Singh,aditya.singh@gmail.com,Not Available,ahmedabad,gujarat,Laptop,Electronics,2," ₹ 55,000 "," ₹ 1,10,000 ",2025-08-30 00:00:00,Pending,Returned,Online,Gold," ₹ 6,05,00,00,000 ",40%
C0337,Amit Mehta,amit.mehta@gmail.com,8470697907,hyderabad,telangana,Desk,Furniture,4," ₹ 12,000 "," ₹ 48,000 ",2025-12-20 00:00:00,Refunded,Delivered,Store,Regular," ₹ 57,60,00,000 ",4%
C0342,Amit Yadav,amit.yadav@gmail.com,9850192297,vadodara,gujarat,Smartphone,Electronics,5," ₹ 28,000 "," ₹ 1,40,000 ",2025-11-02 00:00:00,Refunded,Shipped,Marketplace,Regular," ₹ 3,92,00,00,000 ",26%
C0342,Simran Patel,simran.patel@gmail.com,9192509020,chennai,tamil nadu,Monitor,Electronics,4," ₹ 12,000 "," ₹ 48,000 ",2026-03-05 00:00:00,Cancelled,Processing,Marketplace,Regular," ₹ 57,60,00,000 ",4%
C0342,Anjali Gupta,anjali.gupta@gmail.com,9738056872,rajkot,gujarat,Laptop,Electronics,4," ₹ 55,000 "," ₹ 2,20,000 ",2025-12-07 00:00:00,Cancelled,Processing,Online,Gold," ₹ 12,10,00,00,000 ",80%
C0343,Arjun Singh,arjun.singh@gmail.com,7463172080,jaipur,rajasthan,Mouse,Electronics,6, ₹ -   ," ₹ 4,800 ",2026-05-02 00:00:00,Paid,Processing,Marketplace,Regular, ₹ -   ,0%
C0345,Anjali Mishra,anjali.mishra@gmail.com,8473506403,pune,maharashtra,Mouse,Electronics,6, ₹ 800 ," ₹ 4,800 ",2025-11-12 00:00:00,Refunded,Cancelled,Marketplace,Regular," ₹ 38,40,000 ",0%
C0345,Arjun Mishra,arjun.mishra@gmail.com,8396453077,indore,madhya pradesh,Headphones,Electronics,5," ₹ 2,500 "," ₹ 12,500 ",2025-11-02 00:00:00,Cancelled,Shipped,Online,Regular," ₹ 3,12,50,000 ",0%
C0347,Isha Yadav,isha.yadav@gmail.com,9073338701,kolkata,west bengal,Laptop,Electronics,7," ₹ 55,000 "," ₹ 3,85,000 ",2025-10-31 00:00:00,Pending,Returned,Store,Gold," ₹ 21,17,50,00,000 ",139%
C0348,Mohit Shah,mohit.shah@gmail.com,8786661942,kolkata,west bengal,Monitor,Electronics,6," ₹ 12,000 "," ₹ 72,000 ",2025-03-13 00:00:00,Cancelled,Processing,Store,Regular," ₹ 86,40,00,000 ",6%
C0349,Nikhil Verma,nikhil.verma@gmail,7011017705,mumbai,maharashtra,USB Drive,Accessories,5, ₹ 900 ," ₹ 4,500 ",2026-07-05 00:00:00,Refunded,Shipped,Store,Regular," ₹ 40,50,000 ",0%
C0352,Meena Mehta,meena.mehta@gmail,8360981688,chennai,tamil nadu,Headphones,Electronics,5," ₹ 2,500 "," ₹ 12,500 ",2025-09-11 00:00:00,Refunded,Processing,Store,Regular," ₹ 3,12,50,000 ",0%
C0353,Nikhil Sharma,nikhil.sharma@gmail.com,9939637388,rajkot,gujarat,Laptop,Electronics,6," ₹ 55,000 "," ₹ 3,30,000 ",2025-03-15 00:00:00,Paid,Cancelled,Store,Gold," ₹ 18,15,00,00,000 ",119%
C0353,Isha Mishra,isha.mishra@gmail.com,7103967542,lucknow,uttar pradesh,Headphones,Electronics,3," ₹ 2,500 "," ₹ 7,500 ",2024-12-24 00:00:00,Refunded,Returned,Online,Regular," ₹ 1,87,50,000 ",0%
C0353,Isha Mishra,isha.mishra@gmail.com,7103967542,lucknow,uttar pradesh,Headphones,Electronics,3," ₹ 2,500 "," ₹ 7,500 ",2024-12-24 00:00:00,Refunded,Returned,Online,Regular," ₹ 1,87,50,000 ",0%
C0354,Aditya Verma,aditya.verma@gmail.com,9744220825,delhi,delhi,USB Drive,Accessories,5, ₹ 900 ," ₹ 4,500 ",2025-12-04 00:00:00,Cancelled,Shipped,Store,Regular," ₹ 40,50,000 ",0%
C0355,Priya Patel,priya.patel@gmail.com,8877279755,rajkot,gujarat,Monitor,Electronics,6," ₹ 12,000 "," ₹ 72,000 ",2025-09-11 00:00:00,Refunded,Processing,Online,Regular," ₹ 86,40,00,000 ",6%
C0355,Mohit Singh,mohit.singh@gmail.com,9758504398,hyderabad,telangana,Pen Set,Stationery,4, ₹ 250 ," ₹ 1,000 ",2024-02-10 00:00:00,Cancelled,Cancelled,Online,Regular," ₹ 2,50,000 ",0%
C0356,Vikas Kumar,vikas.kumar@gmail.com,9732401365,bhopal,madhya pradesh,Monitor,Electronics,3," ₹ 12,000 "," ₹ 72,000 ",2025-04-02 00:00:00,Paid,Processing,Online,Regular," ₹ 86,40,00,000 ",6%
C0357,Amit Joshi,amit.joshi@gmail.com,7504169141,lucknow,uttar pradesh,Mouse,Electronics,4, ₹ 800 ," ₹ 3,200 ",2026-04-10 00:00:00,Cancelled,Returned,Marketplace,Regular," ₹ 25,60,000 ",0%
C0357,Sneha Patel,sneha.patel@gmail.com,8881908383,kolkata,west bengal,USB Drive,Accessories,8, ₹ -   ," ₹ 7,200 ",2024-11-22 00:00:00,Paid,Processing,Online,Regular, ₹ -   ,0%
C0358,Riya Kaur,riya.kaur@gmail.com,8174491176,mumbai,maharashtra,Monitor,Electronics,7," ₹ 12,000 "," ₹ 84,000 ",2025-02-08 00:00:00,Cancelled, Shipped ,Store,Regular," ₹ 1,00,80,00,000 ",7%
C0359,Riya Mehta,riya.mehta@gmail.com,7493428666,lucknow,uttar pradesh,Headphones,Electronics,4," ₹ 2,500 "," ₹ 10,000 ",2026-04-06 00:00:00,Refunded,Returned,Marketplace,Regular," ₹ 2,50,00,000 ",0%
C0359,Anjali Kumar,anjali.kumar@gmail.com,8110935906,kolkata,west bengal,USB Drive,Accessories,2, ₹ 900 ," ₹ 1,800 ",2024-10-18 00:00:00,Paid,Cancelled,Online,Regular," ₹ 16,20,000 ",0%
C0360,Rahul Patel,rahul.patel@gmail.com,7625162463,indore,madhya pradesh,USB Drive,Accessories,5, ₹ 900 ," ₹ 4,500 ",2025-08-16 00:00:00,Cancelled,Processing,Online,Regular," ₹ 40,50,000 ",0%
C0362,Amit Patel,amit.patel@gmail.com,7769599093,kolkata,west bengal,Desk,Furniture,5," ₹ 12,000 "," ₹ 60,000 ",2025-04-29 00:00:00,Cancelled,Cancelled,Marketplace,Regular," ₹ 72,00,00,000 ",5%
C0362,Anjali Joshi,anjali.joshi@gmail.com,9070647070,bhopal,madhya pradesh,Pen Set,Stationery,1, ₹ 250 , ₹ 250 ,2025-05-28 00:00:00,Pending,Cancelled,Online,Regular," ₹ 62,500 ",0%
C0363,Mohit Gupta,mohit.gupta@gmail.com,8231881066,mumbai,maharashtra,Office Chair,Furniture,4," ₹ 8,500 "," ₹ 34,000 ",2024-08-11 00:00:00,Paid,Processing,Store,Regular," ₹ 28,90,00,000 ",2%
C0364,Arjun Yadav,arjun.yadav@gmail.com,7351197575,lucknow,uttar pradesh,Notebook,Stationery,1, ₹ 120 , ₹ 120 ,2024-04-26 00:00:00,Refunded,Shipped,Online,Regular," ₹ 14,400 ",0%
C0365,Sneha Kumar,sneha.kumar@gmail.com,7225366046,ahmedabad,gujarat,Notebook,Stationery,6, ₹ 120 , ₹ 720 ,2025-08-30 00:00:00,Refunded,Shipped,Marketplace,Regular," ₹ 86,400 ",0%
C0368,Sneha Gupta,sneha.gupta@gmail.com,9081682554,pune,maharashtra,Pen Set,Stationery,6, ₹ 250 ," ₹ 1,500 ",2025-02-01 00:00:00,Cancelled,Shipped,Online,Regular," ₹ 3,75,000 ",0%
C0368,Karan Kumar,karan.kumar@gmail.com,8732553940,surat,gujarat,Mouse,Electronics,4, ₹ 800 ," ₹ 3,200 ",2026-01-14 00:00:00,Pending,Shipped,Marketplace,Regular," ₹ 25,60,000 ",0%
C0368,Anjali Shah,anjali.shah@gmail.com,7625217504,rajkot,gujarat,Notebook,Stationery,7, ₹ 120 , ₹ 840 ,2025-08-02 00:00:00,Pending,Shipped,Online,Regular," ₹ 1,00,800 ",0%
C0368,Pooja Verma,pooja.verma@gmail.com,8544661869,bengaluru,karnataka,Desk,Furniture,8," ₹ 12,000 "," ₹ 96,000 ",2024-04-10 00:00:00,Refunded,Processing,Online,Regular," ₹ 1,15,20,00,000 ",8%
C0368,Karan Patel,karan.patel@gmail.com,7814184372,mumbai,maharashtra,Laptop,Electronics,3," ₹ 55,000 "," ₹ 1,65,000 ",2025-02-08 00:00:00,Refunded,Processing,Online,Gold," ₹ 9,07,50,00,000 ",60%
C0369,Priya Chauhan,priya.chauhan@gmail.com,8398120064,chennai,tamil nadu,Desk,Furniture,4," ₹ 12,000 "," ₹ 48,000 ",2025-09-13 00:00:00,Refunded,Cancelled,Marketplace,Regular," ₹ 57,60,00,000 ",4%
C0369,Isha Reddy,isha.reddy@gmail.com,8850707619,surat,gujarat,USB Drive,Accessories,7, ₹ 900 ," ₹ 6,300 ",2024-01-09 00:00:00,Pending,Returned,Marketplace,Regular," ₹ 56,70,000 ",0%
C0370,Simran Verma,simran.verma@gmail.com,Not Available,kolkata,west bengal,Notebook,Stationery,3, ₹ 120 , ₹ 360 ,2024-10-07 00:00:00,Paid,Delivered,Marketplace,Regular," ₹ 43,200 ",0%
C0370,Rohan Verma,rohan.verma@gmail.com,8977353085,vadodara,gujarat,Notebook,Stationery,7, ₹ 120 , ₹ 840 ,2024-09-05 00:00:00,Pending,Shipped,Online,Regular," ₹ 1,00,800 ",0%
C0371,Neha Kumar,neha.kumar@gmail.com,8829963525,chennai,tamil nadu,Pen Set,Stationery,5, ₹ 250 ," ₹ 1,250 ",2024-09-24 00:00:00,Refunded,Returned,Store,Regular," ₹ 3,12,500 ",0%
C0371,Rahul Singh,rahul.singh@gmail.com,7073678674,pune,maharashtra,Notebook,Stationery,8, ₹ 120 , ₹ 960 ,2024-05-16 00:00:00,Paid,Delivered,Store,Regular," ₹ 1,15,200 ",0%
C0372,Isha Chauhan,isha.chauhan@gmail.com,8440839808,surat,gujarat,Mouse,Electronics,5, ₹ 800 ," ₹ 4,000 ",2024-06-15 00:00:00,Paid,Delivered,Online,Regular," ₹ 32,00,000 ",0%
C0373,Vikas Verma,vikas.verma@gmail.com,7479011764,ahmedabad,gujarat,Backpack,Accessories,1," ₹ 1,800 "," ₹ 1,800 ",2025-11-30 00:00:00,Pending,Processing,Store,Regular," ₹ 32,40,000 ",0%
C0373,Priya Reddy,priya.reddy@gmail.com,7957425987,indore,madhya pradesh,Desk,Furniture,2," ₹ 12,000 "," ₹ 72,000 ",2025-07-27 00:00:00,Refunded,Processing,Marketplace,Regular," ₹ 86,40,00,000 ",6%
C0374,Neha Kaur,neha.kaur@gmail.com,9421719519,rajkot,gujarat,Pen Set,Stationery,3, ₹ 250 , ₹ 750 ,2025-11-29 00:00:00,Paid,Cancelled,Marketplace,Regular," ₹ 1,87,500 ",0%
C0374,Mohit Kumar,mohit.kumar@gmail.com,8032398249,vadodara,gujarat,USB Drive,Accessories,5, ₹ 900 ," ₹ 4,500 ",2026-05-14 00:00:00,Refunded,Cancelled,Store,Regular," ₹ 40,50,000 ",0%
C0374,Meena Joshi,meena.joshi@gmail.com,9622487366,mumbai,maharashtra,USB Drive,Accessories,8, ₹ 900 ," ₹ 7,200 ",2024-08-27 00:00:00,Pending,Processing,Store,Regular," ₹ 64,80,000 ",0%
C0375,Vikas Singh,vikas.singh@gmail.com,8965164102,ahmedabad,gujarat,Headphones,Electronics,8," ₹ 2,500 "," ₹ 20,000 ",2025-06-24 00:00:00,Cancelled,Returned,Store,Regular," ₹ 5,00,00,000 ",0%
C0375,Priya Shah,priya.shah@gmail.com,7219720597,hyderabad,telangana,Notebook,Stationery,4, ₹ 120 , ₹ 480 ,2025-01-06 00:00:00,Cancelled,Delivered,Store,Regular," ₹ 57,600 ",0%
C0379,Pooja Kumar,pooja.kumar@gmail.com,8881988384,indore,madhya pradesh,Notebook,Stationery,5, ₹ 120 , ₹ 600 ,2025-09-18 00:00:00,Paid,Returned,Store,Regular," ₹ 72,000 ",0%
C0380,Anjali Singh,anjali.singh@gmail.com,9878380452,mumbai,maharashtra,USB Drive,Accessories,2, ₹ 900 ," ₹ 1,800 ",2025-09-15 00:00:00,Pending,Returned,Marketplace,Regular," ₹ 16,20,000 ",0%
C0380,Vikas Shah,vikas.shah@gmail.com,7196346343,hyderabad,telangana,Mouse,Electronics,3, ₹ 800 ," ₹ 2,400 ",2024-01-17 00:00:00,Cancelled,Returned,Marketplace,Regular," ₹ 19,20,000 ",0%
C0381,Simran Sharma,simran.sharma@gmail.com,8702274064,chennai,tamil nadu,Headphones,Electronics,4," ₹ 2,500 "," ₹ 10,000 ",2025-03-15 00:00:00,Paid,Delivered,Online,Regular," ₹ 2,50,00,000 ",0%
C0381,Amit Singh,amit.singh@gmail.com,7677309706,jaipur,rajasthan,Monitor,Electronics,6," ₹ 12,000 "," ₹ 72,000 ",2026-02-16 00:00:00,Paid,Delivered,Store,Regular," ₹ 86,40,00,000 ",6%
C0382,Aditya Mishra,aditya.mishra@gmail.com,9782155716,indore,madhya pradesh,Notebook,Stationery,3, ₹ 120 , ₹ 360 ,2025-03-05 00:00:00,Pending,Processing,Store,Regular," ₹ 43,200 ",0%
C0383,Neha Sharma,neha.sharma@gmail.com,7705041929,jaipur,rajasthan,Keyboard,Electronics,7," ₹ 1,500 "," ₹ 10,500 ",2024-04-19 00:00:00,Cancelled,Returned,Online,Regular," ₹ 1,57,50,000 ",0%
C0384,Neha Mehta,neha.mehta@gmail.com,9343957058,delhi,delhi,Desk,Furniture,4," ₹ 12,000 "," ₹ 48,000 ",2024-10-11 00:00:00,Pending,Processing,Store,Regular," ₹ 57,60,00,000 ",4%
C0385,Isha Gupta,isha.gupta@gmail.com,8141756063,bhopal,madhya pradesh,Desk,Furniture,2, ₹ -   ," ₹ 96,000 ",2026-02-14 00:00:00,Cancelled,Returned,Store,Regular, ₹ -   ,0%
C0385,Amit Mishra,amit.mishra@gmail.com,9842377282,indore,madhya pradesh,Notebook,Stationery,3, ₹ 120 , ₹ 360 ,2025-10-31 00:00:00,Cancelled,Delivered,Online,Regular," ₹ 43,200 ",0%
C0387,Isha Yadav,isha.yadav@gmail.com,7169855455,indore,madhya pradesh,Monitor,Electronics,4," ₹ 12,000 "," ₹ 48,000 ",2026-04-03 00:00:00,Pending,Cancelled,Online,Regular," ₹ 57,60,00,000 ",4%
C0388,Anjali Yadav,anjali.yadav@gmail.com,9806059083,bhopal,madhya pradesh,Monitor,Electronics,5," ₹ 12,000 "," ₹ 60,000 ",2025-01-20 00:00:00,Pending,Returned,Store,Regular," ₹ 72,00,00,000 ",5%
C0388,Suresh Reddy,suresh.reddy@gmail.com,8009317340,ahmedabad,gujarat,Desk,Furniture,8," ₹ 12,000 "," ₹ 96,000 ",2026-03-31 00:00:00,Refunded,Delivered,Store,Regular," ₹ 1,15,20,00,000 ",8%
C0389,Kavita Singh,unknown,Not Available,rajkot,gujarat,Office Chair,Furniture,2," ₹ 8,500 "," ₹ 17,000 ",2026-02-18 00:00:00,Cancelled,Delivered,Store,Regular," ₹ 14,45,00,000 ",1%
C0389,Rahul Yadav,rahul.yadav@gmail.com,8062994474,ahmedabad,gujarat,Headphones,Electronics,2," ₹ 2,500 "," ₹ 5,000 ",2025-06-28 00:00:00,Paid,Returned,Store,Regular," ₹ 1,25,00,000 ",0%
C0390,Riya Desai,riya.desai@gmail.com,7988317990,bengaluru,karnataka,Notebook,Stationery,6, ₹ 120 , ₹ 720 ,2024-03-14 00:00:00,Refunded,Delivered,Store,Regular," ₹ 86,400 ",0%
C0390,Kavita Gupta,kavita.gupta@gmail.com,8316175308,kolkata,west bengal,Backpack,Accessories,4," ₹ 1,800 "," ₹ 7,200 ",2024-08-15 00:00:00,Cancelled,Cancelled,Store,Regular," ₹ 1,29,60,000 ",0%
C0390,Neha Gupta,neha.gupta@gmail.com,8085502712,jaipur,rajasthan,USB Drive,Accessories,3, ₹ 900 ," ₹ 2,700 ",2024-07-29 00:00:00,Paid,Processing,Store,Regular," ₹ 24,30,000 ",0%
C0391,Kavita Gupta,kavita.gupta@gmail.com,7907166142,chennai,tamil nadu,Keyboard,Electronics,8," ₹ 1,500 "," ₹ 12,000 ",2024-05-22 00:00:00,Pending,Returned,Store,Regular," ₹ 1,80,00,000 ",0%
C0392,Kavita Kumar,kavita.kumar@gmail.com,8520174713,rajkot,gujarat,Keyboard,Electronics,5," ₹ 1,500 "," ₹ 7,500 ",2024-10-13 00:00:00,Refunded,Shipped,Online,Regular," ₹ 1,12,50,000 ",0%
C0392,Nikhil Mishra,nikhil.mishra@gmail.com,9630445805,indore,madhya pradesh,Backpack,Accessories,4," ₹ 1,800 "," ₹ 7,200 ",2025-03-03 00:00:00,Pending,Returned,Online,Regular," ₹ 1,29,60,000 ",0%
C0392,Nikhil Mishra,nikhil.mishra@gmail.com,9630445805,indore,madhya pradesh,Backpack,Accessories,4," ₹ 1,800 "," ₹ 7,200 ",2025-03-03 00:00:00,Pending,Returned,Online,Regular," ₹ 1,29,60,000 ",0%
C0393,Rohan Kumar,rohan.kumar@gmail.com,7151885397,bengaluru,karnataka,USB Drive,Accessories,7, ₹ 900 ," ₹ 6,300 ",2024-08-17 00:00:00,Cancelled,Shipped,Store,Regular," ₹ 56,70,000 ",0%
C0393,Mohit Mehta,mohit.mehta@gmail.com,8616353231,jaipur,rajasthan,Desk,Furniture,1," ₹ 12,000 "," ₹ 12,000 ",2024-02-03 00:00:00,Pending,Returned,Marketplace,Regular," ₹ 14,40,00,000 ",1%
C0393,Meena Joshi,meena.joshi@gmail.com,8146731886,pune,maharashtra,Headphones,Electronics,1," ₹ 2,500 "," ₹ 2,500 ",2024-09-24 00:00:00,Cancelled,Shipped,Online,Regular," ₹ 62,50,000 ",0%
C0394,Anjali Shah,anjali.shah@gmail.com,8350782959,lucknow,uttar pradesh,Keyboard,Electronics,4," ₹ 1,500 "," ₹ 6,000 ",2024-10-10 00:00:00,Paid,Shipped,Marketplace,Regular," ₹ 90,00,000 ",0%
C0394,Amit Kaur,amit.kaur@gmail.com,7456836428,vadodara,gujarat,Backpack,Accessories,2," ₹ 1,800 "," ₹ 3,600 ",2024-02-12 00:00:00,Pending,Shipped,Marketplace,Regular," ₹ 64,80,000 ",0%
C0394,Anjali Singh,anjali.singh@gmail.com,7797966424,delhi,delhi,Pen Set,Stationery,1, ₹ 250 , ₹ 250 ,2025-08-14 00:00:00,Refunded,Shipped,Marketplace,Regular," ₹ 62,500 ",0%
C0394,Anjali Singh,anjali.singh@gmail.com,7797966424,delhi,delhi,Pen Set,Stationery,1, ₹ 250 , ₹ 250 ,2025-08-14 00:00:00,Refunded,Shipped,Marketplace,Regular," ₹ 62,500 ",0%
C0396,Arjun Gupta,arjun.gupta@gmail.com,8214741296,surat,gujarat,Notebook,Stationery,6, ₹ 120 , ₹ 720 ,2025-06-10 00:00:00,Refunded,Cancelled,Online,Regular," ₹ 86,400 ",0%
C0397,Anjali Verma,anjali.verma@gmail.com,7069759864,pune,maharashtra,Monitor,Electronics,6," ₹ 12,000 "," ₹ 72,000 ",2024-09-03 00:00:00,Paid,Returned,Marketplace,Regular," ₹ 86,40,00,000 ",6%
C0401,Arjun Joshi,arjun.joshi@gmail.com,9538519431,delhi,delhi,Pen Set,Stationery,6, ₹ 250 ," ₹ 1,500 ",2026-02-23 00:00:00,Cancelled,Processing,Online,Regular," ₹ 3,75,000 ",0%
C0403,Priya Mishra,priya.mishra@gmail.com,9755074460,vadodara,gujarat,Pen Set,Stationery,1, ₹ 250 , ₹ 250 ,2025-10-08 00:00:00,Cancelled,Cancelled,Store,Regular," ₹ 62,500 ",0%
C0404,Simran Joshi,simran.joshi@gmail.com,7516977385,kolkata,west bengal,Notebook,Stationery,8, ₹ 120 , ₹ 960 ,2024-11-19 00:00:00,Paid,Delivered,Marketplace,Regular," ₹ 1,15,200 ",0%
C0405,Neha Reddy,neha.reddy@gmail.com,7599793329,kolkata,west bengal,Notebook,Stationery,5, ₹ 120 , ₹ 600 ,2026-06-18 00:00:00,Refunded,Shipped,Marketplace,Regular," ₹ 72,000 ",0%
C0406,Rohan Mishra,rohan.mishra@gmail.com,9772404776,mumbai,maharashtra,Desk,Furniture,6," ₹ 12,000 "," ₹ 72,000 ",2026-02-08 00:00:00,Paid,Delivered,Store,Regular," ₹ 86,40,00,000 ",6%
C0406,Nikhil Mehta,nikhil.mehta@gmail.com,8012659111,delhi,delhi,Monitor,Electronics,6," ₹ 12,000 "," ₹ 72,000 ",2024-08-17 00:00:00,Paid,Processing,Online,Regular," ₹ 86,40,00,000 ",6%
C0408,Sneha Gupta,sneha.gupta@gmail.com,8764351603,lucknow,uttar pradesh,Office Chair,Furniture,2," ₹ 8,500 "," ₹ 17,000 ",2024-05-08 00:00:00,Cancelled,Delivered,Store,Regular," ₹ 14,45,00,000 ",1%
C0409,Nikhil Shah,nikhil.shah@gmail.com,9997331061,vadodara,gujarat,Keyboard,Electronics,8," ₹ 1,500 "," ₹ 12,000 ",2025-07-26 00:00:00,Pending,Cancelled,Store,Regular," ₹ 1,80,00,000 ",0%
C0410,Meena Kumar,meena.kumar@gmail.com,9817747689,kolkata,west bengal,Laptop,Electronics,2," ₹ 55,000 "," ₹ 1,10,000 ",2026-08-03 00:00:00,Refunded,Shipped,Online,Gold," ₹ 6,05,00,00,000 ",40%
C0410,Karan Verma,karan.verma@gmail.com,7742855478,rajkot,gujarat,Backpack,Accessories,5," ₹ 1,800 "," ₹ 9,000 ",2025-02-06 00:00:00,Paid,Returned,Marketplace,Regular," ₹ 1,62,00,000 ",0%
C0411,Amit Kumar,amit.kumar@gmail.com,9719453060,surat,gujarat,Monitor,Electronics,4," ₹ 12,000 "," ₹ 48,000 ",2025-01-20 00:00:00,Refunded,Cancelled,Store,Regular," ₹ 57,60,00,000 ",4%
C0412,Vikas Sharma,unknown,8671543978,rajkot,gujarat,Desk,Furniture,4," ₹ 12,000 "," ₹ 48,000 ",2024-03-08 00:00:00,Cancelled,Returned,Store,Regular," ₹ 57,60,00,000 ",4%
C0413,Pooja Gupta,pooja.gupta@gmail.com,7546696950,rajkot,gujarat,Office Chair,Furniture,7," ₹ 8,500 "," ₹ 59,500 ",2025-11-24 00:00:00,Pending,Returned,Marketplace,Regular," ₹ 50,57,50,000 ",3%
C0413,Pooja Gupta,pooja.gupta@gmail.com,7546696950,rajkot,gujarat,Office Chair,Furniture,7," ₹ 8,500 "," ₹ 59,500 ",2025-11-24 00:00:00,Pending,Returned,Marketplace,Regular," ₹ 50,57,50,000 ",3%
C0414,Rohan Reddy,rohan.reddy@gmail.com,8263513519,surat,gujarat,Smartphone,Electronics,1," ₹ 28,000 "," ₹ 28,000 ",2024-01-01 00:00:00,Cancelled,Delivered,Store,Regular," ₹ 78,40,00,000 ",5%
C0415,Isha Desai,isha.desai@gmail,9090457198,mumbai,maharashtra,Pen Set,Stationery,6, ₹ 250 ," ₹ 1,500 ",2025-12-08 00:00:00,Refunded,Processing,Online,Regular," ₹ 3,75,000 ",0%
C0415,Karan Kaur,unknown,8295067571,ahmedabad,gujarat,Laptop,Electronics,6," ₹ 55,000 "," ₹ 3,30,000 ",2025-02-03 00:00:00,Pending,Returned,Marketplace,Gold," ₹ 18,15,00,00,000 ",119%
C0415,Priya Yadav,priya.yadav@gmail.com,8633694617,kolkata,west bengal,Smartphone,Electronics,7," ₹ 28,000 "," ₹ 1,96,000 ",2025-09-18 00:00:00,Paid,Returned,Online,Regular," ₹ 5,48,80,00,000 ",36%
C0415,Isha Desai,isha.desai@gmail,9090457198,mumbai,maharashtra,Pen Set,Stationery,6, ₹ 250 ," ₹ 1,500 ",2025-12-08 00:00:00,Refunded,Processing,Online,Regular," ₹ 3,75,000 ",0%
C0415,Kavita Mehta,kavita.mehta@gmail.com,7072546169,delhi,delhi,Backpack,Accessories,2," ₹ 1,800 "," ₹ 3,600 ",2025-07-01 00:00:00,Paid,Returned,Online,Regular," ₹ 64,80,000 ",0%
C0417,Arjun Gupta,arjun.gupta@gmail.com,7015792126,jaipur,rajasthan,Keyboard,Electronics,8," ₹ 1,500 "," ₹ 12,000 ",2025-10-16 00:00:00,Paid,Delivered,Online,Regular," ₹ 1,80,00,000 ",0%
C0418,Pooja Reddy,pooja.reddy@gmail.com,8838081369,rajkot,gujarat,Monitor,Electronics,8," ₹ 12,000 "," ₹ 96,000 ",2025-11-26 00:00:00,Cancelled,Shipped,Online,Regular," ₹ 1,15,20,00,000 ",8%
C0418,Arjun Sharma,arjun.sharma@gmail.com,9964732879,pune,maharashtra,Mouse,Electronics,8, ₹ 800 ," ₹ 6,400 ",2025-03-31 00:00:00,Pending,Processing,Online,Regular," ₹ 51,20,000 ",0%
C0419,Mohit Desai,mohit.desai@gmail.com,9550399650,jaipur,rajasthan,Headphones,Electronics,1," ₹ 2,500 "," ₹ 2,500 ",2024-08-25 00:00:00,Cancelled,Processing,Marketplace,Regular," ₹ 62,50,000 ",0%
C0420,Nikhil Sharma,unknown,9930025537,surat,gujarat,Desk,Furniture,3," ₹ 12,000 "," ₹ 36,000 ",2025-10-24 00:00:00,Pending,Returned,Online,Regular," ₹ 43,20,00,000 ",3%
C0421,Vikas Joshi,vikas.joshi@gmail.com,9054564070,indore,madhya pradesh,USB Drive,Accessories,3, ₹ 900 ," ₹ 2,700 ",2024-09-23 00:00:00,Pending,Returned,Store,Regular," ₹ 24,30,000 ",0%
C0422,Neha Mehta,neha.mehta@gmail.com,9918798987,hyderabad,telangana,Mouse,Electronics,3, ₹ 800 ," ₹ 2,400 ",2026-03-10 00:00:00,Cancelled,Processing,Store,Regular," ₹ 19,20,000 ",0%
C0422,Neha Gupta,neha.gupta@gmail.com,7446278368,chennai,tamil nadu,Desk,Furniture,6," ₹ 12,000 "," ₹ 72,000 ",2024-08-12 00:00:00,Cancelled,Processing,Online,Regular," ₹ 86,40,00,000 ",6%
C0423,Anjali Gupta,anjali.gupta@gmail.com,9300607428,surat,gujarat,USB Drive,Accessories,5, ₹ -   ," ₹ 4,500 ",2024-09-11 00:00:00,Cancelled,Delivered,Store,Regular, ₹ -   ,0%
C0424,Nikhil Singh,nikhil.singh@gmail.com,9988564933,rajkot,gujarat,Pen Set,Stationery,1, ₹ 250 , ₹ 250 ,2024-04-21 00:00:00,Paid,Cancelled,Marketplace,Regular," ₹ 62,500 ",0%
C0427,Isha Mishra,isha.mishra@gmail.com,7130076950,jaipur,rajasthan,Backpack,Accessories,5," ₹ 1,800 "," ₹ 9,000 ",2025-10-19 00:00:00,Cancelled,Cancelled,Online,Regular," ₹ 1,62,00,000 ",0%
C0427,Aditya Joshi,aditya.joshi@gmail.com,9443593434,chennai,tamil nadu,Desk,Furniture,3," ₹ 12,000 "," ₹ 36,000 ",2025-09-17 00:00:00,Refunded,Processing,Marketplace,Regular," ₹ 43,20,00,000 ",3%
C0429,Rahul Gupta,rahul.gupta@gmail.com,8012061834,rajkot,gujarat,Monitor,Electronics,2," ₹ 12,000 "," ₹ 24,000 ",2025-09-25 00:00:00,Cancelled,Returned,Marketplace,Regular," ₹ 28,80,00,000 ",2%
C0429,Vikas Kumar,vikas.kumar@gmail.com,7450318292,jaipur,rajasthan,Laptop,Electronics,8," ₹ 55,000 "," ₹ 4,40,000 ",2024-08-12 00:00:00,Paid,Shipped,Marketplace,Gold," ₹ 24,20,00,00,000 ",159%
C0430,Isha Joshi,isha.joshi@gmail.com,7269754673,ahmedabad,gujarat,Desk,Furniture,1," ₹ 12,000 "," ₹ 12,000 ",2025-10-09 00:00:00,Pending,Shipped,Store,Regular," ₹ 14,40,00,000 ",1%
C0430,Aditya Yadav,aditya.yadav@gmail.com,9245334677,pune,maharashtra,Headphones,Electronics,4," ₹ 2,500 "," ₹ 10,000 ",2025-11-16 00:00:00,Cancelled,Shipped,Store,Regular," ₹ 2,50,00,000 ",0%
C0430,Simran Kaur,simran.kaur@gmail.com,8778198758,jaipur,rajasthan,Office Chair,Furniture,6," ₹ 8,500 "," ₹ 51,000 ",2025-07-13 00:00:00,Refunded,Delivered,Store,Regular," ₹ 43,35,00,000 ",3%
C0433,Aditya Mehta,aditya.mehta@gmail.com,9376215097,ahmedabad,gujarat,Headphones,Electronics,7," ₹ 2,500 "," ₹ 17,500 ",2025-04-29 00:00:00,Paid,Cancelled,Marketplace,Regular," ₹ 4,37,50,000 ",0%
C0433,Pooja Yadav,pooja.yadav@gmail.com,7234276135,kolkata,west bengal,Notebook,Stationery,3, ₹ 120 , ₹ 360 ,2025-04-19 00:00:00,Refunded,Delivered,Marketplace,Regular," ₹ 43,200 ",0%
C0433,Vikas Verma,vikas.verma@gmail.com,7667779376,rajkot,gujarat,Smartphone,Electronics,2," ₹ 28,000 "," ₹ 56,000 ",2024-04-04 00:00:00,Refunded,Delivered,Store,Regular," ₹ 1,56,80,00,000 ",10%
C0437,Pooja Kaur,pooja.kaur@gmail.com,9600039571,pune,maharashtra,Desk,Furniture,3," ₹ 12,000 "," ₹ 36,000 ",2024-07-30 00:00:00,Pending,Returned,Marketplace,Regular," ₹ 43,20,00,000 ",3%
C0437,Suresh Kumar,suresh.kumar@gmail.com,9560321728,bhopal,madhya pradesh,Pen Set,Stationery,8, ₹ 250 ," ₹ 2,000 ",2025-09-23 00:00:00,Cancelled,Processing,Store,Regular," ₹ 5,00,000 ",0%
C0438,Amit Verma,amit.verma@gmail,9843355206,chennai,tamil nadu,Pen Set,Stationery,8, ₹ 250 ," ₹ 2,000 ",2024-07-23 00:00:00,Paid,Delivered,Online,Regular," ₹ 5,00,000 ",0%
C0439,Simran Yadav,simran.yadav@gmail.com,7598009614,lucknow,uttar pradesh,Mouse,Electronics,4, ₹ 800 ," ₹ 3,200 ",2026-04-04 00:00:00,Paid,Returned,Store,Regular," ₹ 25,60,000 ",0%
C0439,Anjali Patel,anjali.patel@gmail.com,9173085046,chennai,tamil nadu,Smartphone,Electronics,1," ₹ 28,000 "," ₹ 28,000 ",2026-05-19 00:00:00,Refunded,Cancelled,Online,Regular," ₹ 78,40,00,000 ",5%
C0440,Rahul Yadav,rahul.yadav@gmail.com,8515333350,rajkot,gujarat,Pen Set,Stationery,7, ₹ 250 ," ₹ 1,750 ",2024-07-10 00:00:00,Paid,Returned,Store,Regular," ₹ 4,37,500 ",0%
C0441,Isha Kumar,isha.kumar@gmail.com,8290359719,pune,maharashtra,Pen Set,Stationery,4, ₹ 250 ," ₹ 1,000 ",2025-05-05 00:00:00,Cancelled,Shipped,Store,Regular," ₹ 2,50,000 ",0%
C0442,Anjali Shah,anjali.shah@gmail.com,8765670844,jaipur,rajasthan,USB Drive,Accessories,1, ₹ 900 , ₹ 900 ,2025-11-20 00:00:00,Paid,Delivered,Store,Regular," ₹ 8,10,000 ",0%
C0444,Anjali Mishra,anjali.mishra@gmail.com,8974565461,kolkata,west bengal,Keyboard,Electronics,7," ₹ 1,500 "," ₹ 10,500 ",2024-06-29 00:00:00,Cancelled,Returned,Marketplace,Regular," ₹ 1,57,50,000 ",0%
C0445,Kavita Shah,kavita.shah@gmail.com,8842650262,jaipur,rajasthan,Office Chair,Furniture,1," ₹ 8,500 "," ₹ 8,500 ",2024-02-08 00:00:00,Pending,Processing,Online,Regular," ₹ 7,22,50,000 ",0%
C0446,Amit Patel,unknown,8129971523,rajkot,gujarat,Smartphone,Electronics,2," ₹ 28,000 "," ₹ 56,000 ",2025-09-15 00:00:00,Paid,Cancelled,Store,Regular," ₹ 1,56,80,00,000 ",10%
C0446,Arjun Mehta,unknown,9649218939,lucknow,uttar pradesh,Desk,Furniture,1, ₹ -   ," ₹ 12,000 ",2024-04-16 00:00:00,Paid,Returned,Online,Regular, ₹ -   ,0%
C0448,Meena Sharma,meena.sharma@gmail.com,8050032570,ahmedabad,gujarat,Office Chair,Furniture,2," ₹ 8,500 "," ₹ 17,000 ",2025-04-09 00:00:00,Paid,Processing,Marketplace,Regular," ₹ 14,45,00,000 ",1%
C0449,Meena Gupta,meena.gupta@gmail.com,7943614372,hyderabad,telangana,Backpack,Accessories,6," ₹ 1,800 "," ₹ 10,800 ",2025-09-08 00:00:00,Refunded,Shipped,Store,Regular," ₹ 1,94,40,000 ",0%
C0450,Meena Kaur,meena.kaur@gmail.com,9499610004,surat,gujarat,Keyboard,Electronics,2," ₹ 1,500 "," ₹ 3,000 ",2026-03-21 00:00:00,Refunded,Shipped,Online,Regular," ₹ 45,00,000 ",0%
C0451,Amit Desai,amit.desai@gmail.com,8227193073,rajkot,gujarat,Headphones,Electronics,6," ₹ 2,500 "," ₹ 15,000 ",2024-11-23 00:00:00,Paid,Shipped,Online,Regular," ₹ 3,75,00,000 ",0%
C0451,Karan Mishra,karan.mishra@gmail.com,9515503899,bhopal,madhya pradesh,Smartphone,Electronics,1," ₹ 28,000 "," ₹ 28,000 ",2024-01-31 00:00:00,Pending,Shipped,Store,Regular," ₹ 78,40,00,000 ",5%
C0451,Amit Joshi,amit.joshi@gmail.com,8899269162,chennai,tamil nadu,Headphones,Electronics,5," ₹ 2,500 "," ₹ 12,500 ",2025-08-28 00:00:00,Paid,Processing,Marketplace,Regular," ₹ 3,12,50,000 ",0%
C0451,Amit Desai,amit.desai@gmail.com,8227193073,rajkot,gujarat,Headphones,Electronics,6," ₹ 2,500 "," ₹ 15,000 ",2024-11-23 00:00:00,Paid,Shipped,Online,Regular," ₹ 3,75,00,000 ",0%
C0452,Amit Joshi,amit.joshi@gmail.com,7861867284,hyderabad,telangana,Office Chair,Furniture,3," ₹ 8,500 "," ₹ 25,500 ",2025-10-22 00:00:00,Refunded,Delivered,Online,Regular," ₹ 21,67,50,000 ",1%
C0452,Priya Kaur,priya.kaur@gmail.com,8002830207,rajkot,gujarat,Backpack,Accessories,6," ₹ 1,800 "," ₹ 10,800 ",2024-06-08 00:00:00,Paid,Delivered,Marketplace,Regular," ₹ 1,94,40,000 ",0%
C0452,Vikas Shah,vikas.shah@gmail.com,7650392310,delhi,delhi,USB Drive,Accessories,4, ₹ 900 ," ₹ 3,600 ",2025-02-24 00:00:00,refunded,Delivered,Marketplace,Regular," ₹ 32,40,000 ",0%
C0453,Meena Verma,meena.verma@gmail.com,9771778007,ahmedabad,gujarat,Smartphone,Electronics,2," ₹ 28,000 "," ₹ 56,000 ",2024-10-28 00:00:00,Paid,Processing,Online,Regular," ₹ 1,56,80,00,000 ",10%
C0453,Sneha Verma,sneha.verma@gmail.com,7622009556,rajkot,gujarat,Mouse,Electronics,4, ₹ 800 ," ₹ 3,200 ",2026-01-22 00:00:00,Paid,Processing,Marketplace,Regular," ₹ 25,60,000 ",0%
C0453,Karan Gupta,karan.gupta@gmail.com,9032319170,lucknow,uttar pradesh,USB Drive,Accessories,3, ₹ 900 ," ₹ 2,700 ",2025-11-05 00:00:00,Paid,Processing,Marketplace,Regular," ₹ 24,30,000 ",0%
C0455,Anjali Joshi,anjali.joshi@gmail.com,7181914018,kolkata,west bengal,Smartphone,Electronics,7," ₹ 28,000 "," ₹ 1,96,000 ",2024-10-08 00:00:00,Paid,Delivered,Marketplace,Regular," ₹ 5,48,80,00,000 ",36%
C0455,Nikhil Sharma,nikhil.sharma@gmail.com,Not Available,bhopal,madhya pradesh,Notebook,Stationery,3, ₹ 120 , ₹ 460 ,2024-07-13 00:00:00,Cancelled,Cancelled,Marketplace,Regular," ₹ 55,200 ",0%
C0456,Rahul Singh,rahul.singh@gmail.com,7084961603,lucknow,uttar pradesh,Headphones,Electronics,6," ₹ 2,500 "," ₹ 15,000 ",2024-07-15 00:00:00,Paid,Returned,Marketplace,Regular," ₹ 3,75,00,000 ",0%
C0457,Neha Patel,neha.patel@gmail.com,9347539024,hyderabad,telangana,Smartphone,Electronics,5," ₹ 28,000 "," ₹ 1,40,000 ",2026-01-12 00:00:00,Refunded,Shipped,Marketplace,Regular," ₹ 3,92,00,00,000 ",26%
C0457,Priya Joshi,priya.joshi@gmail.com,7566696611,bengaluru,karnataka,Office Chair,Furniture,8," ₹ 8,500 "," ₹ 68,000 ",2025-07-31 00:00:00,Paid,Returned,Store,Regular," ₹ 57,80,00,000 ",4%
C0457,Priya Verma,priya.verma@gmail.com,8888670721,jaipur,rajasthan,Headphones,Electronics,4," ₹ 2,500 "," ₹ 10,000 ",2026-05-07 00:00:00,Cancelled, Returned ,Online,Regular," ₹ 2,50,00,000 ",0%
C0457,Priya Verma,priya.verma@gmail.com,8888670721,jaipur,rajasthan,Headphones,Electronics,4," ₹ 2,500 "," ₹ 10,000 ",2026-05-07 00:00:00,Cancelled, Returned ,Online,Regular," ₹ 2,50,00,000 ",0%
C0457,Amit Reddy,amit.reddy@gmail.com,8714709481,hyderabad,telangana,Mouse,Electronics,6, ₹ 800 ," ₹ 4,800 ",2025-05-08 00:00:00,Refunded,Cancelled,Store,Regular," ₹ 38,40,000 ",0%
C0458,Vikas Patel,vikas.patel@gmail.com,9136202250,kolkata,west bengal,Backpack,Accessories,1," ₹ 1,800 "," ₹ 1,800 ",2024-04-15 00:00:00,Refunded,Cancelled,Online,Regular," ₹ 32,40,000 ",0%
C0460,Riya Gupta,riya.gupta@gmail.com,9200916676,delhi,delhi,Monitor,Electronics,1," ₹ 12,000 "," ₹ 12,000 ",2024-01-04 00:00:00,Cancelled,Returned,Online,Regular," ₹ 14,40,00,000 ",1%
C0461,Nikhil Kumar,nikhil.kumar@gmail.com,8878930355,ahmedabad,gujarat,Mouse,Electronics,8, ₹ 800 ," ₹ 6,400 ",2024-12-23 00:00:00,Paid,Cancelled,Online,Regular," ₹ 51,20,000 ",0%
C0463,Mohit Reddy,mohit.reddy@gmail.com,7182174975,bhopal,madhya pradesh,Mouse,Electronics,7, ₹ 800 ," ₹ 5,600 ",2026-01-22 00:00:00,Paid,Returned,Store,Regular," ₹ 44,80,000 ",0%
C0464,Neha Patel,neha.patel@gmail.com,9829998009,rajkot,gujarat,Laptop,Electronics,6," ₹ 55,000 "," ₹ 3,30,000 ",2024-12-29 00:00:00,cancelled,Returned,Marketplace,Gold," ₹ 18,15,00,00,000 ",119%
C0465,Rahul Chauhan,rahul.chauhan@gmail.com,9740301061,bengaluru,karnataka,Office Chair,Furniture,3," ₹ 8,500 "," ₹ 25,500 ",2024-01-20 00:00:00,Cancelled,Returned,Online,Regular," ₹ 21,67,50,000 ",1%
C0465,Arjun Verma,arjun.verma@gmail.com,8079770569,rajkot,gujarat,Monitor,Electronics,4," ₹ 12,000 "," ₹ 47,900 ",2024-11-19 00:00:00,Paid,Returned,Marketplace,Regular," ₹ 57,48,00,000 ",4%
C0466,Anjali Mishra,anjali.mishra@gmail.com,9887681752,mumbai,maharashtra,Pen Set,Stationery,7, ₹ 250 ," ₹ 1,750 ",2026-04-22 00:00:00,Cancelled,Delivered,Marketplace,Regular," ₹ 4,37,500 ",0%
C0466,Priya Gupta,priya.gupta@gmail.com,7668902988,jaipur,rajasthan,Keyboard,Electronics,4," ₹ 1,500 "," ₹ 6,000 ",2024-11-23 00:00:00,Paid,Returned,Store,Regular," ₹ 90,00,000 ",0%
C0468,Riya Kumar,unknown,8647489402,rajkot,gujarat,Pen Set,Stationery,3, ₹ 250 , ₹ 850 ,2026-06-03 00:00:00,Paid,Processing,Store,Regular," ₹ 2,12,500 ",0%
C0468,Riya Kumar,unknown,8647489402,rajkot,gujarat,Pen Set,Stationery,3, ₹ 250 , ₹ 750 ,2026-06-03 00:00:00,Paid,Processing,Store,Regular," ₹ 1,87,500 ",0%
C0468,Aditya Shah,aditya.shah@gmail.com,9248242739,chennai,tamil nadu,Backpack,Accessories,5," ₹ 1,800 "," ₹ 9,000 ",2024-12-21 00:00:00,refunded,Returned,Online,Regular," ₹ 1,62,00,000 ",0%
C0469,Karan Mishra,karan.mishra@gmail.com,8540133116,mumbai,maharashtra,Mouse,Electronics,6, ₹ 800 ," ₹ 4,800 ",2024-05-10 00:00:00,Paid,Returned,Online,Regular," ₹ 38,40,000 ",0%
C0469,Karan Mishra,karan.mishra@gmail.com,8540133116,mumbai,maharashtra,Mouse,Electronics,6, ₹ 800 ," ₹ 4,800 ",2024-05-10 00:00:00,Paid,Returned,Online,Regular," ₹ 38,40,000 ",0%
C0469,Sneha Patel,sneha.patel@gmail.com,7635885849,ahmedabad,gujarat,Smartphone,Electronics,2," ₹ 28,000 "," ₹ 56,000 ",2024-07-27 00:00:00,Cancelled,Shipped,Online,Regular," ₹ 1,56,80,00,000 ",10%
C0471,Riya Mehta,riya.mehta@gmail,9346225613,pune,maharashtra,Backpack,Accessories,5," ₹ 1,800 "," ₹ 9,000 ",2025-09-16 00:00:00,Refunded,Shipped,Online,Regular," ₹ 1,62,00,000 ",0%
C0472,Mohit Mishra,mohit.mishra@gmail.com,8928761313,vadodara,gujarat,USB Drive,Accessories,6, ₹ 900 ," ₹ 5,400 ",2024-04-01 00:00:00,Refunded,Cancelled,Online,Regular," ₹ 48,60,000 ",0%
C0472,Vikas Verma,vikas.verma@gmail.com,8519957781,ahmedabad,gujarat,Laptop,Electronics,6," ₹ 55,000 "," ₹ 3,30,000 ",2026-01-09 00:00:00,Pending,Cancelled,Store,Gold," ₹ 18,15,00,00,000 ",119%
C0473,Suresh Yadav,suresh.yadav@gmail.com,8775719463,rajkot,gujarat,Pen Set,Stationery,4, ₹ 250 ," ₹ 1,000 ",2025-07-15 00:00:00,Pending,Cancelled,Store,Regular," ₹ 2,50,000 ",0%
C0475,Pooja Joshi,pooja.joshi@gmail.com,8216445336,delhi,delhi,Notebook,Stationery,2, ₹ 120 , ₹ 960 ,2024-03-14 00:00:00,Cancelled,Shipped,Marketplace,Regular," ₹ 1,15,200 ",0%
C0476,Kavita Kaur,kavita.kaur@gmail.com,9663784672,hyderabad,telangana,Monitor,Electronics,6," ₹ 12,000 "," ₹ 72,000 ",2025-10-28 00:00:00,Paid,Cancelled,Marketplace,Regular," ₹ 86,40,00,000 ",6%
C0476,Sneha Gupta,unknown,8873176604,delhi,delhi,Backpack,Accessories,1," ₹ 1,800 "," ₹ 1,800 ",2024-07-25 00:00:00,Pending,Processing,Online,Regular," ₹ 32,40,000 ",0%
C0476,Karan Mehta,karan.mehta@gmail.com,9605585995,vadodara,gujarat,Smartphone,Electronics,3," ₹ 28,000 "," ₹ 1,68,000 ",2026-01-21 00:00:00,Cancelled,Cancelled,Online,Regular," ₹ 4,70,40,00,000 ",31%
C0478,Nikhil Mehta,nikhil.mehta@gmail.com,7551192946,bhopal,madhya pradesh,Notebook,Stationery,3, ₹ 120 , ₹ 360 ,2026-02-25 00:00:00,Pending,Cancelled,Marketplace,Regular," ₹ 43,200 ",0%
C0478,Kavita Sharma,kavita.sharma@gmail.com,7888346940,indore,madhya pradesh,Office Chair,Furniture,7," ₹ 8,500 "," ₹ 59,500 ",2026-02-27 00:00:00,Paid,Returned,Store,Regular," ₹ 50,57,50,000 ",3%
C0478,Vikas Shah,vikas.shah@gmail.com,7518560332,bengaluru,karnataka,Smartphone,Electronics,4," ₹ 28,000 "," ₹ 1,12,500 ",2025-04-07 00:00:00,Cancelled,Cancelled,Store,Regular," ₹ 3,15,00,00,000 ",21%
C0479,Kavita Shah,kavita.shah@gmail.com,8578451771,lucknow,uttar pradesh,Desk,Furniture,6," ₹ 12,000 "," ₹ 72,000 ",2024-10-06 00:00:00,Refunded,Delivered,Online,Regular," ₹ 86,40,00,000 ",6%
C0479,Amit Mishra,amit.mishra@gmail.com,8947526113,bhopal,madhya pradesh,Headphones,Electronics,7," ₹ 2,500 "," ₹ 17,500 ",2025-12-09 00:00:00,Cancelled,Processing,Online,Regular," ₹ 4,37,50,000 ",0%
C0479,Pooja Kumar,pooja.kumar@gmail,Not Available,rajkot,gujarat,Office Chair,Furniture,3," ₹ 8,500 "," ₹ 25,500 ",2025-09-12 00:00:00,Pending,Processing,Store,Regular," ₹ 21,67,50,000 ",1%
C0480,Priya Mehta,priya.mehta@gmail.com,9396677171,kolkata,west bengal,Office Chair,Furniture,6," ₹ 8,500 "," ₹ 51,000 ",2026-03-24 00:00:00,Paid,Returned,Store,Regular," ₹ 43,35,00,000 ",3%
C0481,Rohan Reddy,rohan.reddy@gmail.com,8388330907,kolkata,west bengal,Office Chair,Furniture,4," ₹ 8,500 "," ₹ 34,000 ",2025-12-31 00:00:00,Refunded,Cancelled,Marketplace,Regular," ₹ 28,90,00,000 ",2%
C0481,Mohit Yadav,mohit.yadav@gmail.com,7022553699,bhopal,madhya pradesh,Monitor,Electronics,1," ₹ 12,000 "," ₹ 12,000 ",2024-09-19 00:00:00,Pending,Shipped,Marketplace,Regular," ₹ 14,40,00,000 ",1%
C0481,Karan Kumar,karan.kumar@gmail.com,7814436678,surat,gujarat,Laptop,Electronics,6," ₹ 55,000 "," ₹ 3,30,000 ",2025-05-18 00:00:00,Refunded,Cancelled,Store,Gold," ₹ 18,15,00,00,000 ",119%
C0481,Rohan Reddy,rohan.reddy@gmail.com,8388330907,kolkata,west bengal,Office Chair,Furniture,4," ₹ 8,500 "," ₹ 34,000 ",2025-12-31 00:00:00,Refunded,Cancelled,Marketplace,Regular," ₹ 28,90,00,000 ",2%
C0482,Anjali Shah,anjali.shah@gmail.com,8431548670,pune,maharashtra,Backpack,Accessories,2," ₹ 1,800 "," ₹ 3,600 ",2026-05-28 00:00:00,Pending,Processing,Store,Regular," ₹ 64,80,000 ",0%
C0483,Isha Mehta,isha.mehta@gmail.com,8571632270,vadodara,gujarat,Desk,Furniture,7," ₹ 12,000 "," ₹ 84,000 ",2024-08-03 00:00:00,Refunded,Processing,Store,Regular," ₹ 1,00,80,00,000 ",7%
C0483,Rahul Mehta,unknown,7897689138,kolkata,west bengal,Notebook,Stationery,4, ₹ 120 , ₹ 480 ,2024-07-27 00:00:00,Cancelled,Returned,Store,Regular," ₹ 57,600 ",0%
C0483,Mohit Shah,mohit.shah@gmail.com,9170215005,hyderabad,telangana,USB Drive,Accessories,7, ₹ 900 ," ₹ 6,300 ",2026-02-17 00:00:00,Pending,Cancelled,Online,Regular," ₹ 56,70,000 ",0%
C0483,Sneha Kumar,sneha.kumar@gmail.com,7942160389,indore,madhya pradesh,Office Chair,Furniture,3," ₹ 8,500 "," ₹ 25,500 ",2026-03-24 00:00:00,Pending,Returned,Marketplace,Regular," ₹ 21,67,50,000 ",1%
C0485,Aditya Kumar,aditya.kumar@gmail.com,9460414950,surat,gujarat,Backpack,Accessories,5," ₹ 1,800 "," ₹ 9,000 ",2026-04-08 00:00:00,Paid,Processing,Store,Regular," ₹ 1,62,00,000 ",0%
C0486,Anjali Shah,anjali.shah@gmail.com,8906364408,kolkata,west bengal,Backpack,Accessories,1," ₹ 1,800 "," ₹ 1,800 ",2024-10-25 00:00:00,Pending,Delivered,Online,Regular," ₹ 32,40,000 ",0%
C0486,Arjun Mishra,arjun.mishra@gmail.com,9484528348,hyderabad,telangana,Mouse,Electronics,1, ₹ 800 , ₹ 800 ,2025-08-20 00:00:00,Refunded,Shipped,Marketplace,Regular," ₹ 6,40,000 ",0%
C0486,Kavita Sharma,kavita.sharma@gmail.com,7500186829,vadodara,gujarat,Keyboard,Electronics,8," ₹ 1,500 "," ₹ 12,000 ",2025-05-11 00:00:00,Refunded,Delivered,Store,Regular," ₹ 1,80,00,000 ",0%
C0487,Rahul Mehta,rahul.mehta@gmail.com,8422663210,chennai,tamil nadu,Monitor,Electronics,7," ₹ 12,000 "," ₹ 84,000 ",2025-08-20 00:00:00,Cancelled,Delivered,Marketplace,Regular," ₹ 1,00,80,00,000 ",7%
C0488,Isha Shah,isha.shah@gmail.com,9081052775,bengaluru,karnataka,Headphones,Electronics,3," ₹ 2,500 "," ₹ 7,500 ",2026-02-25 00:00:00,Refunded,Delivered,Online,Regular," ₹ 1,87,50,000 ",0%
C0488,Rahul Kaur,rahul.kaur@gmail.com,7041139816,chennai,tamil nadu,Keyboard,Electronics,7, ₹ -   ," ₹ 10,500 ",2025-07-23 00:00:00,Refunded,Cancelled,Marketplace,Regular, ₹ -   ,0%
C0488,Priya Mishra,priya.mishra@gmail.com,7040588163,kolkata,west bengal,Keyboard,Electronics,2," ₹ 1,500 "," ₹ 3,000 ",2025-05-26 00:00:00,Refunded,Processing,Marketplace,Regular," ₹ 45,00,000 ",0%
C0489,Rahul Mehta,unknown,8282531582,lucknow,uttar pradesh,Office Chair,Furniture,7," ₹ 8,500 "," ₹ 59,500 ",2025-07-05 00:00:00,Pending,Cancelled,Online,Regular," ₹ 50,57,50,000 ",3%
C0491,Simran Chauhan,simran.chauhan@gmail.com,7579187439,ahmedabad,gujarat,USB Drive,Accessories,8, ₹ 900 ," ₹ 7,200 ",2024-02-07 00:00:00,Cancelled,Shipped,Online,Regular," ₹ 64,80,000 ",0%
C0492,Aditya Kaur,aditya.kaur@gmail.com,8908366487,indore,madhya pradesh,Keyboard,Electronics,5," ₹ 1,500 "," ₹ 7,500 ",2024-12-05 00:00:00,Refunded,Shipped,Online,Regular," ₹ 1,12,50,000 ",0%
C0493,Anjali Gupta,anjali.gupta@gmail.com,7440619526,kolkata,west bengal,Notebook,Stationery,2, ₹ 120 , ₹ 240 ,2024-10-18 00:00:00,Paid,Shipped,Store,Regular," ₹ 28,800 ",0%
C0493,Vikas Singh,vikas.singh@gmail.com,7011759631,surat,gujarat,Backpack,Accessories,2," ₹ 1,800 "," ₹ 3,600 ",2024-04-23 00:00:00,Refunded,Shipped,Online,Regular," ₹ 64,80,000 ",0%
C0494,Amit Mehta,amit.mehta@gmail.com,7075801011,hyderabad,telangana,Pen Set,Stationery,8, ₹ 250 ," ₹ 2,000 ",2025-01-26 00:00:00,Pending,Returned,Marketplace,Regular," ₹ 5,00,000 ",0%
C0496,Amit Mehta,amit.mehta@gmail.com,8081042134,rajkot,gujarat,USB Drive,Accessories,8, ₹ 900 ," ₹ 7,200 ",2025-08-31 00:00:00,Pending,Cancelled,Online,Regular," ₹ 64,80,000 ",0%
C0497,Priya Kaur,priya.kaur@gmail.com,8872026192,vadodara,gujarat,Mouse,Electronics,8, ₹ 800 ," ₹ 6,400 ",2024-01-07 00:00:00,Refunded,Processing,Online,Regular," ₹ 51,20,000 ",0%
C0498,Nikhil Gupta,nikhil.gupta@gmail.com,7527033009,jaipur,rajasthan,USB Drive,Accessories,5, ₹ 900 ," ₹ 4,500 ",2025-04-07 00:00:00,Cancelled,Delivered,Online,Regular," ₹ 40,50,000 ",0%
C0499,Riya Desai,riya.desai@gmail.com,9771370988,bhopal,madhya pradesh,Keyboard,Electronics,3," ₹ 1,500 "," ₹ 4,500 ",2025-05-16 00:00:00,Cancelled,Shipped,Online,Regular," ₹ 67,50,000 ",0%
C0499,Amit Singh,amit.singh@gmail.com,9952087412,delhi,delhi,Office Chair,Furniture,6," ₹ 8,500 "," ₹ 51,000 ",2025-10-10 00:00:00,Refunded,Shipped,Online,Regular," ₹ 43,35,00,000 ",3%
C0500,Vikas Yadav,vikas.yadav@gmail.com,7010621799,indore,madhya pradesh,USB Drive,Accessories,2, ₹ 900 ," ₹ 1,800 ",2026-01-18 00:00:00,Refunded,Processing,Online,Regular," ₹ 16,20,000 ",0%
C0502,Karan Yadav,karan.yadav@gmail.com,7801555686,bengaluru,karnataka,Smartphone,Electronics,6," ₹ 28,000 "," ₹ 1,68,000 ",2026-01-19 00:00:00,Refunded,Processing,Marketplace,Regular," ₹ 4,70,40,00,000 ",31%
C0502,Kavita Reddy,kavita.reddy@gmail.com,7699404386,vadodara,gujarat,Notebook,Stationery,3, ₹ 120 , ₹ 360 ,2025-05-11 00:00:00,Refunded,Shipped,Marketplace,Regular," ₹ 43,200 ",0%
C0503,Kavita Desai,kavita.desai@gmail.com,8331874973,bhopal,madhya pradesh,Backpack,Accessories,3," ₹ 1,800 "," ₹ 5,400 ",2025-01-02 00:00:00,Paid,Processing,Marketplace,Regular," ₹ 97,20,000 ",0%
C0503,Simran Mishra,simran.mishra@gmail.com,8211370833,surat,gujarat,Headphones,Electronics,3," ₹ 2,500 "," ₹ 7,500 ",2024-06-30 00:00:00,Refunded,Returned,Online,Regular," ₹ 1,87,50,000 ",0%
C0503,Kavita Desai,kavita.desai@gmail.com,8331874973,bhopal,madhya pradesh,Backpack,Accessories,3," ₹ 1,800 "," ₹ 5,400 ",2025-01-02 00:00:00,Paid,Processing,Marketplace,Regular," ₹ 97,20,000 ",0%
C0503,Simran Mishra,simran.mishra@gmail.com,8211370833,surat,gujarat,Headphones,Electronics,3," ₹ 2,500 "," ₹ 7,500 ",2024-06-30 00:00:00,Refunded,Returned,Online,Regular," ₹ 1,87,50,000 ",0%
C0504,Meena Sharma,unknown,Not Available,lucknow,uttar pradesh,Headphones,Electronics,8," ₹ 2,500 "," ₹ 20,000 ",2024-03-09 00:00:00,Cancelled,Returned,Store,Regular," ₹ 5,00,00,000 ",0%
C0504,Neha Chauhan,neha.chauhan@gmail.com,8786639225,jaipur,rajasthan,Headphones,Electronics,4," ₹ 2,500 "," ₹ 10,000 ",2024-08-02 00:00:00,Paid,Delivered,Store,Regular," ₹ 2,50,00,000 ",0%
C0504,Meena Sharma,unknown,Not Available,lucknow,uttar pradesh,Headphones,Electronics,8," ₹ 2,500 "," ₹ 20,000 ",2024-03-09 00:00:00,Cancelled,Returned,Store,Regular," ₹ 5,00,00,000 ",0%
C0505,Riya Gupta,riya.gupta@gmail.com,7988334328,delhi,delhi,Monitor,Electronics,7," ₹ 12,000 "," ₹ 84,000 ",2025-06-23 00:00:00,Pending,Delivered,Online,Regular," ₹ 1,00,80,00,000 ",7%
C0505,Neha Patel,neha.patel@gmail.com,8008458444,bhopal,madhya pradesh,Notebook,Stationery,3, ₹ 120 , ₹ 360 ,2025-01-02 00:00:00,Refunded,Processing,Marketplace,Regular," ₹ 43,200 ",0%
C0506,Neha Shah,neha.shah@gmail.com,8218101886,jaipur,rajasthan,Pen Set,Stationery,5, ₹ 250 ," ₹ 1,250 ",2025-12-04 00:00:00,Refunded,Shipped,Marketplace,Regular," ₹ 3,12,500 ",0%
C0511,Neha Joshi,neha.joshi@gmail.com,8347411580,vadodara,gujarat,Headphones,Electronics,3," ₹ 2,500 "," ₹ 7,500 ",2024-03-10 00:00:00,Cancelled,Returned,Store,Regular," ₹ 1,87,50,000 ",0%
C0512,Suresh Kaur,suresh.kaur@gmail.com,9761027762,jaipur,rajasthan,Keyboard,Electronics,5," ₹ 1,500 "," ₹ 7,500 ",2024-05-22 00:00:00,Pending,Returned,Marketplace,Regular," ₹ 1,12,50,000 ",0%
C0512,Arjun Desai,arjun.desai@gmail.com,8548731742,bhopal,madhya pradesh,Office Chair,Furniture,5," ₹ 8,500 "," ₹ 42,500 ",2026-06-16 00:00:00,Cancelled,Returned,Store,Regular," ₹ 36,12,50,000 ",2%
C0513,Neha Kumar,neha.kumar@gmail.com,9514478795,bhopal,madhya pradesh,USB Drive,Accessories,3, ₹ -   ," ₹ 2,700 ",2025-02-06 00:00:00,Refunded,Processing,Store,Regular, ₹ -   ,0%
C0513,Riya Joshi,riya.joshi@gmail.com,8880160025,ahmedabad,gujarat,Pen Set,Stationery,1, ₹ 250 , ₹ 250 ,2025-03-18 00:00:00,Cancelled,Returned,Store,Regular," ₹ 62,500 ",0%
C0514,Arjun Shah,arjun.shah@gmail.com,9345766219,hyderabad,telangana,Smartphone,Electronics,1," ₹ 28,000 "," ₹ 28,000 ",2024-02-08 00:00:00,Refunded,Processing,Online,Regular," ₹ 78,40,00,000 ",5%
C0514,Arjun Shah,arjun.shah@gmail.com,9345766219,hyderabad,telangana,Smartphone,Electronics,1," ₹ 28,000 "," ₹ 28,000 ",2024-02-08 00:00:00,Refunded,Processing,Online,Regular," ₹ 78,40,00,000 ",5%
C0516,Nikhil Verma,nikhil.verma@gmail.com,8303136758,indore,madhya pradesh,Mouse,Electronics,5, ₹ 800 ," ₹ 4,000 ",2025-12-26 00:00:00,Cancelled,Returned,Online,Regular," ₹ 32,00,000 ",0%
C0517,Mohit Chauhan,mohit.chauhan@gmail.com,9361618235,mumbai,maharashtra,Pen Set,Stationery,2, ₹ 250 , ₹ 500 ,2024-05-11 00:00:00,Paid,Cancelled,Store,Regular," ₹ 1,25,000 ",0%
C0517,Vikas Kaur,vikas.kaur@gmail.com,9929601471,pune,maharashtra,Backpack,Accessories,5," ₹ 1,800 "," ₹ 9,000 ",2026-02-09 00:00:00,Refunded,Processing,Online,Regular," ₹ 1,62,00,000 ",0%
C0517,Arjun Gupta,arjun.gupta@gmail.com,8475817955,lucknow,uttar pradesh,Notebook,Stationery,1, ₹ 120 , ₹ 120 ,2026-02-21 00:00:00,Paid,Cancelled,Online,Regular," ₹ 14,400 ",0%
C0518,Mohit Mehta,mohit.mehta@gmail.com,Not Available,hyderabad,telangana,Backpack,Accessories,8," ₹ 1,800 "," ₹ 14,400 ",2025-11-06 00:00:00,Refunded,Delivered,Online,Regular," ₹ 2,59,20,000 ",0%
C0521,Meena Patel,meena.patel@gmail.com,7863204110,lucknow,uttar pradesh,Keyboard,Electronics,4," ₹ 1,500 "," ₹ 6,000 ",2026-03-20 00:00:00,Refunded,Delivered,Store,Regular," ₹ 90,00,000 ",0%
C0524,Arjun Kumar,arjun.kumar@gmail.com,9944591628,pune,maharashtra,Desk,Furniture,2," ₹ 12,000 "," ₹ 24,000 ",2024-08-23 00:00:00,Refunded,Cancelled,Online,Regular," ₹ 28,80,00,000 ",2%
C0525,Priya Kaur,priya.kaur@gmail.com,9457877922,vadodara,gujarat,Laptop,Electronics,3," ₹ 55,000 "," ₹ 1,65,000 ",2024-09-21 00:00:00,Pending,Returned,Store,Gold," ₹ 9,07,50,00,000 ",60%
C0526,Aditya Desai,aditya.desai@gmail.com,9626352261,bhopal,madhya pradesh,Backpack,Accessories,8," ₹ 1,800 "," ₹ 14,400 ",2024-08-25 00:00:00,Paid,Returned,Online,Regular," ₹ 2,59,20,000 ",0%
C0526,Nikhil Patel,nikhil.patel@gmail.com,9982728970,rajkot,gujarat,Desk,Furniture,8," ₹ 12,000 "," ₹ 96,100 ",2024-02-03 00:00:00,Pending,Returned,Store,Regular," ₹ 1,15,32,00,000 ",8%
C0528,Mohit Mishra,mohit.mishra@gmail.com,9351762983,vadodara,gujarat,Laptop,Electronics,3," ₹ 55,000 "," ₹ 1,65,000 ",2025-08-13 00:00:00,Refunded,Shipped,Marketplace,Gold," ₹ 9,07,50,00,000 ",60%
C0528,Riya Desai,riya.desai@gmail.com,7535546287,delhi,delhi,Laptop,Electronics,4," ₹ 55,000 "," ₹ 2,20,000 ",2026-05-01 00:00:00,Paid,Cancelled,Marketplace,Gold," ₹ 12,10,00,00,000 ",80%
C0529,Priya Singh,priya.singh@gmail.com,8250605847,jaipur,rajasthan,Office Chair,Furniture,5," ₹ 8,500 "," ₹ 42,500 ",2026-03-03 00:00:00,Cancelled,Cancelled,Online,Regular," ₹ 36,12,50,000 ",2%
C0530,Vikas Shah,vikas.shah@gmail.com,7708600119,pune,maharashtra,USB Drive,Accessories,8, ₹ 900 ," ₹ 7,200 ",2026-02-21 00:00:00,Pending,Returned,Marketplace,Regular," ₹ 64,80,000 ",0%
C0530,Arjun Kumar,unknown,8597167064,vadodara,gujarat,USB Drive,Accessories,5, ₹ -   ," ₹ 4,500 ",2026-01-20 00:00:00,Paid,Delivered,Store,Regular, ₹ -   ,0%
C0530,Karan Patel,karan.patel@gmail.com,Not Available,kolkata,west bengal,Office Chair,Furniture,8," ₹ 8,500 "," ₹ 68,000 ",2025-07-22 00:00:00,Pending,Cancelled,Marketplace,Regular," ₹ 57,80,00,000 ",4%
C0530,Meena Kaur,meena.kaur@gmail.com,7243845356,lucknow,uttar pradesh,Pen Set,Stationery,7, ₹ 250 ," ₹ 1,750 ",2025-11-07 00:00:00,Cancelled,Shipped,Marketplace,Regular," ₹ 4,37,500 ",0%
C0531,Suresh Kaur,suresh.kaur@gmail.com,Not Available,ahmedabad,gujarat,Headphones,Electronics,5," ₹ 2,500 "," ₹ 12,500 ",2025-12-21 00:00:00,Refunded,Shipped,Marketplace,Regular," ₹ 3,12,50,000 ",0%
C0533,Vikas Mishra,vikas.mishra@gmail.com,9964722828,vadodara,gujarat,Smartphone,Electronics,1," ₹ 28,000 "," ₹ 28,000 ",2025-11-19 00:00:00,Paid,Delivered,Online,Regular," ₹ 78,40,00,000 ",5%
C0533,Vikas Mishra,vikas.mishra@gmail.com,9964722828,vadodara,gujarat,Smartphone,Electronics,1," ₹ 28,000 "," ₹ 28,000 ",2025-11-19 00:00:00,Paid,Delivered,Online,Regular," ₹ 78,40,00,000 ",5%
C0534,Pooja Sharma,unknown,9480600589,lucknow,uttar pradesh,Headphones,Electronics,4," ₹ 2,500 "," ₹ 10,000 ",2024-11-24 00:00:00,Pending,Shipped,Store,Regular," ₹ 2,50,00,000 ",0%
C0536,Neha Sharma,neha.sharma@gmail.com,8635825546,vadodara,gujarat,Laptop,Electronics,1," ₹ 55,000 "," ₹ 55,000 ",2024-07-23 00:00:00,Cancelled,Shipped,Store,Gold," ₹ 3,02,50,00,000 ",20%
C0536,Isha Kumar,isha.kumar@gmail.com,8562929828,pune,maharashtra,Headphones,Electronics,7," ₹ 2,500 "," ₹ 17,600 ",2025-02-22 00:00:00,Cancelled,Returned,Online,Regular," ₹ 4,40,00,000 ",0%
C0536,Rohan Mehta,rohan.mehta@gmail.com,8231634482,jaipur,rajasthan,Notebook,Stationery,1, ₹ 120 , ₹ 120 ,2025-05-12 00:00:00,Refunded,Cancelled,Store,Regular," ₹ 14,400 ",0%
C0538,Karan Mishra,karan.mishra@gmail.com,8114317366,vadodara,gujarat,Laptop,Electronics,2," ₹ 55,000 "," ₹ 1,10,000 ",2025-03-14 00:00:00,Cancelled,Processing,Online,Gold," ₹ 6,05,00,00,000 ",40%
C0539,Mohit Sharma,mohit.sharma@gmail.com,7619142798,delhi,delhi,Backpack,Accessories,3," ₹ 1,800 "," ₹ 5,400 ",2024-03-17 00:00:00,Refunded,Processing,Store,Regular," ₹ 97,20,000 ",0%
C0539,Mohit Gupta,mohit.gupta@gmail.com,8553854176,ahmedabad,gujarat,Pen Set,Stationery,2, ₹ 250 , ₹ 500 ,2024-03-04 00:00:00,Pending,Returned,Marketplace,Regular," ₹ 1,25,000 ",0%
C0540,Nikhil Patel,nikhil.patel@gmail.com,8248559979,jaipur,rajasthan,Office Chair,Furniture,2," ₹ 8,500 "," ₹ 17,000 ",2026-03-31 00:00:00,Refunded,Processing,Online,Regular," ₹ 14,45,00,000 ",1%
C0541,Kavita Kumar,kavita.kumar@gmail.com,7857695227,lucknow,uttar pradesh,Pen Set,Stationery,3, ₹ 250 , ₹ 750 ,2026-06-12 00:00:00,Cancelled,Delivered,Marketplace,Regular," ₹ 1,87,500 ",0%
C0542,Priya Desai,unknown,7302314710,indore,madhya pradesh,Headphones,Electronics,2," ₹ 2,500 "," ₹ 5,000 ",2024-09-08 00:00:00,Paid,Delivered,Marketplace,Regular," ₹ 1,25,00,000 ",0%
C0543,Anjali Shah,anjali.shah@gmail.com,8350275186,chennai,tamil nadu,Headphones,Electronics,1," ₹ 2,500 "," ₹ 10,000 ",2024-04-26 00:00:00,Paid,Shipped,Store,Regular," ₹ 2,50,00,000 ",0%
C0544,Riya Yadav,riya.yadav@gmail.com,8362784338,lucknow,uttar pradesh,Desk,Furniture,7," ₹ 12,000 "," ₹ 84,000 ",2026-04-30 00:00:00,Refunded,Shipped,Marketplace,Regular," ₹ 1,00,80,00,000 ",7%
C0545,Riya Shah,riya.shah@gmail.com,7050899550,surat,gujarat,Notebook,Stationery,5, ₹ 120 , ₹ 600 ,2025-07-02 00:00:00,Cancelled,Delivered,Marketplace,Regular," ₹ 72,000 ",0%
C0545,Pooja Shah,pooja.shah@gmail.com,9643862317,hyderabad,telangana,Desk,Furniture,4," ₹ 12,000 "," ₹ 48,000 ",2024-07-29 00:00:00,Cancelled,Processing,Marketplace,Regular," ₹ 57,60,00,000 ",4%
C0546,Nikhil Patel,nikhil.patel@gmail.com,7710895332,jaipur,rajasthan,Notebook,Stationery,7, ₹ 120 , ₹ 840 ,2025-07-29 00:00:00,Refunded,Cancelled,Marketplace,Regular," ₹ 1,00,800 ",0%
C0546,Arjun Yadav,arjun.yadav@gmail.com,9313993297,vadodara,gujarat,Smartphone,Electronics,5," ₹ 28,000 "," ₹ 1,40,000 ",2024-10-23 00:00:00,Cancelled,Returned,Marketplace,Regular," ₹ 3,92,00,00,000 ",26%
C0548,Suresh Singh,suresh.singh@gmail.com,9039154519,ahmedabad,gujarat,Smartphone,Electronics,8," ₹ 28,000 "," ₹ 2,24,000 ",2025-10-16 00:00:00,Cancelled,Delivered,Online,Regular," ₹ 6,27,20,00,000 ",41%
C0548,Rahul Sharma,rahul.sharma@gmail.com,8696227959,ahmedabad,gujarat,Laptop,Electronics,3," ₹ 55,000 "," ₹ 1,65,000 ",2025-11-02 00:00:00,Refunded,Cancelled,Marketplace,Gold," ₹ 9,07,50,00,000 ",60%
C0548,Anjali Singh,anjali.singh@gmail.com,9839721175,bhopal,madhya pradesh,Notebook,Stationery,1, ₹ 120 , ₹ 120 ,2025-09-13 00:00:00,Refunded,Shipped,Marketplace,Regular," ₹ 14,400 ",0%
C0548,Mohit Patel,mohit.patel@gmail.com,7368605032,vadodara,gujarat,USB Drive,Accessories,2, ₹ 900 ," ₹ 1,800 ",2025-02-10 00:00:00,Refunded,Shipped,Store,Regular," ₹ 16,20,000 ",0%
C0549,Rahul Gupta,rahul.gupta@gmail.com,9197926822,lucknow,uttar pradesh,Keyboard,Electronics,4," ₹ 1,500 "," ₹ 6,000 ",2026-06-06 00:00:00,Cancelled,Delivered,Online,Regular," ₹ 90,00,000 ",0%
C0551,Suresh Gupta,suresh.gupta@gmail.com,Not Available,kolkata,west bengal,Mouse,Electronics,1, ₹ 800 , ₹ 800 ,2026-02-13 00:00:00,Paid,Processing,Store,Regular," ₹ 6,40,000 ",0%
C0552,Sneha Mehta,sneha.mehta@gmail.com,8427818730,bengaluru,karnataka,Notebook,Stationery,7, ₹ 120 , ₹ 840 ,2025-04-11 00:00:00,Cancelled,Shipped,Marketplace,Regular," ₹ 1,00,800 ",0%
C0553,Rahul Kaur,rahul.kaur@gmail,9914390260,chennai,tamil nadu,Office Chair,Furniture,7," ₹ 8,500 "," ₹ 59,500 ",2025-01-14 00:00:00,Paid,Returned,Store,Regular," ₹ 50,57,50,000 ",3%
C0554,Rahul Patel,rahul.patel@gmail.com,8015242176,vadodara,gujarat,Office Chair,Furniture,2," ₹ 8,500 "," ₹ 68,000 ",2025-05-07 00:00:00,Pending,Cancelled,Online,Regular," ₹ 57,80,00,000 ",4%
C0554,Kavita Singh,kavita.singh@gmail.com,9636965147,chennai,tamil nadu,Monitor,Electronics,8," ₹ 12,000 "," ₹ 96,000 ",2026-01-02 00:00:00,Cancelled,Delivered,Online,Regular," ₹ 1,15,20,00,000 ",8%
C0554,Simran Chauhan,unknown,8052960554,bengaluru,karnataka,Office Chair,Furniture,8," ₹ 8,500 "," ₹ 68,000 ",2024-12-02 00:00:00,paid,Cancelled,Marketplace,Regular," ₹ 57,80,00,000 ",4%
C0555,Suresh Shah,suresh.shah@gmail.com,7518849078,rajkot,gujarat,Mouse,Electronics,2, ₹ 800 ," ₹ 1,600 ",2024-12-31 00:00:00,Cancelled,Shipped,Online,Regular," ₹ 12,80,000 ",0%
C0557,Vikas Reddy,vikas.reddy@gmail.com,8358113461,indore,madhya pradesh,Backpack,Accessories,5," ₹ 1,800 "," ₹ 9,000 ",2024-10-04 00:00:00,Cancelled,Delivered,Marketplace,Regular," ₹ 1,62,00,000 ",0%
C0557,Nikhil Joshi,nikhil.joshi@gmail.com,7576384364,indore,madhya pradesh,Notebook,Stationery,8, ₹ 120 , ₹ 960 ,2024-10-06 00:00:00,Pending,Delivered,Store,Regular," ₹ 1,15,200 ",0%
C0560,Nikhil Mehta,nikhil.mehta@gmail.com,9779891609,kolkata,west bengal,Headphones,Electronics,8," ₹ 2,500 "," ₹ 20,000 ",2024-10-23 00:00:00,Pending,Returned,Marketplace,Regular," ₹ 5,00,00,000 ",0%
C0561,Aditya Kumar,aditya.kumar@gmail.com,9431561831,indore,madhya pradesh,Desk,Furniture,6," ₹ 12,000 "," ₹ 72,000 ",2025-11-29 00:00:00,Paid,Delivered,Online,Regular," ₹ 86,40,00,000 ",6%
C0561,Aditya Kumar,aditya.kumar@gmail.com,9431561831,indore,madhya pradesh,Desk,Furniture,6," ₹ 12,000 "," ₹ 72,000 ",2025-11-29 00:00:00,Paid,Delivered,Online,Regular," ₹ 86,40,00,000 ",6%
C0563,Sneha Chauhan,sneha.chauhan@gmail.com,9308620882,lucknow,uttar pradesh,Backpack,Accessories,4," ₹ 1,800 "," ₹ 7,200 ",2026-02-19 00:00:00,Pending,Returned,Online,Regular," ₹ 1,29,60,000 ",0%
C0563,Sneha Chauhan,sneha.chauhan@gmail.com,9308620882,lucknow,uttar pradesh,Backpack,Accessories,4," ₹ 1,800 "," ₹ 7,200 ",2026-02-19 00:00:00,Pending,Returned,Online,Regular," ₹ 1,29,60,000 ",0%
C0563,Rohan Kaur,rohan.kaur@gmail.com,8237075775,jaipur,rajasthan,USB Drive,Accessories,8, ₹ 900 ," ₹ 7,200 ",2024-05-04 00:00:00,Paid,Returned,Online,Regular," ₹ 64,80,000 ",0%
C0564,Vikas Reddy,vikas.reddy@gmail.com,8596523152,delhi,delhi,Backpack,Accessories,7," ₹ 1,800 "," ₹ 12,600 ",2026-04-25 00:00:00,Cancelled,Returned,Online,Regular," ₹ 2,26,80,000 ",0%
C0566,Pooja Reddy,pooja.reddy@gmail.com,9699987374,hyderabad,telangana,Smartphone,Electronics,4," ₹ 28,000 "," ₹ 1,12,000 ",2025-12-22 00:00:00,Paid,Delivered,Marketplace,Regular," ₹ 3,13,60,00,000 ",21%
C0566,Suresh Verma,suresh.verma@gmail.com,9744265294,kolkata,west bengal,Smartphone,Electronics,2," ₹ 28,000 "," ₹ 56,000 ",2025-07-01 00:00:00,Pending,Cancelled,Store,Regular," ₹ 1,56,80,00,000 ",10%
C0566,Simran Mehta,simran.mehta@gmail.com,9404532947,delhi,delhi,Desk,Furniture,4," ₹ 12,000 "," ₹ 48,000 ",2026-03-27 00:00:00,refunded,Shipped,Online,Regular," ₹ 57,60,00,000 ",4%
C0567,Mohit Sharma,mohit.sharma@gmail.com,8584496586,rajkot,gujarat,Headphones,Electronics,5," ₹ 2,500 "," ₹ 12,500 ",2026-01-27 00:00:00,Pending,Cancelled,Store,Regular," ₹ 3,12,50,000 ",0%
C0568,Aditya Mehta,aditya.mehta@gmail.com,9007492791,lucknow,uttar pradesh,Notebook,Stationery,3, ₹ 120 , ₹ 360 ,2025-09-18 00:00:00,Paid,Delivered,Store,Regular," ₹ 43,200 ",0%
C0568,Sneha Sharma,sneha.sharma@gmail.com,8297049620,indore,madhya pradesh,Pen Set,Stationery,5, ₹ 250 ," ₹ 1,250 ",2025-05-20 00:00:00,Refunded,Shipped,Online,Regular," ₹ 3,12,500 ",0%
C0570,Priya Yadav,priya.yadav@gmail.com,9411995282,bengaluru,karnataka,Smartphone,Electronics,2," ₹ 28,000 "," ₹ 56,000 ",2025-02-24 00:00:00,Cancelled,Cancelled,Marketplace,Regular," ₹ 1,56,80,00,000 ",10%
C0571,Aditya Kaur,aditya.kaur@gmail.com,Not Available,chennai,tamil nadu,Backpack,Accessories,7," ₹ 1,800 "," ₹ 12,600 ",2025-07-23 00:00:00,Refunded,Delivered,Store,Regular," ₹ 2,26,80,000 ",0%
C0571,Riya Sharma,riya.sharma@gmail,7390393407,lucknow,uttar pradesh,Pen Set,Stationery,5, ₹ 250 ," ₹ 1,250 ",2025-06-04 00:00:00,Pending,Cancelled,Store,Regular," ₹ 3,12,500 ",0%
C0572,Kavita Desai,kavita.desai@gmail.com,Not Available,lucknow,uttar pradesh,Backpack,Accessories,6," ₹ 1,800 "," ₹ 10,800 ",2025-11-21 00:00:00,Refunded,Cancelled,Online,Regular," ₹ 1,94,40,000 ",0%
C0573,Riya Joshi,riya.joshi@gmail.com,8089966667,mumbai,maharashtra,Pen Set,Stationery,6, ₹ 250 ," ₹ 1,500 ",2026-03-03 00:00:00,Refunded,Shipped,Marketplace,Regular," ₹ 3,75,000 ",0%
C0576,Kavita Shah,kavita.shah@gmail.com,9393528385,bengaluru,karnataka,Keyboard,Electronics,7," ₹ 1,500 "," ₹ 10,500 ",2024-09-05 00:00:00,Cancelled,Shipped,Store,Regular," ₹ 1,57,50,000 ",0%
C0576,Priya Mishra,priya.mishra@gmail.com,8361263098,pune,maharashtra,Keyboard,Electronics,6," ₹ 1,500 "," ₹ 9,000 ",2025-04-04 00:00:00,Pending,Returned,Store,Regular," ₹ 1,35,00,000 ",0%
C0576,Nikhil Mishra,nikhil.mishra@gmail.com,9125879326,delhi,delhi,Backpack,Accessories,8," ₹ 1,800 "," ₹ 14,400 ",2025-03-01 00:00:00,Refunded,Cancelled,Online,Regular," ₹ 2,59,20,000 ",0%
C0576,Aditya Sharma,aditya.sharma@gmail.com,8711123163,ahmedabad,gujarat,USB Drive,Accessories,3, ₹ 900 ," ₹ 2,700 ",2024-03-02 00:00:00,Pending,Processing,Store,Regular," ₹ 24,30,000 ",0%
C0576,Sneha Yadav,sneha.yadav@gmail.com,9450872378,chennai,tamil nadu,USB Drive,Accessories,7, ₹ 900 ," ₹ 6,300 ",2025-11-21 00:00:00,Cancelled,Cancelled,Online,Regular," ₹ 56,70,000 ",0%
C0577,Sneha Gupta,unknown,9713807766,jaipur,rajasthan,Desk,Furniture,3," ₹ 12,000 "," ₹ 36,000 ",2025-09-16 00:00:00,Pending,Processing,Online,Regular," ₹ 43,20,00,000 ",3%
C0577,Riya Singh,riya.singh@gmail.com,8610883633,lucknow,uttar pradesh,Notebook,Stationery,5, ₹ 120 , ₹ 600 ,2025-01-03 00:00:00,Refunded,Cancelled,Store,Regular," ₹ 72,000 ",0%
C0577,Rahul Yadav,rahul.yadav@gmail.com,9791815554,vadodara,gujarat,Desk,Furniture,6," ₹ 12,000 "," ₹ 72,000 ",2026-01-09 00:00:00,Pending,Shipped,Store,Regular," ₹ 86,40,00,000 ",6%
C0580,Kavita Reddy,kavita.reddy@gmail.com,8107721600,chennai,tamil nadu,Backpack,Accessories,8," ₹ 1,800 "," ₹ 14,400 ",2025-12-11 00:00:00,Paid,Processing,Marketplace,Regular," ₹ 2,59,20,000 ",0%
C0580,Simran Singh,simran.singh@gmail.com,8873885378,mumbai,maharashtra,USB Drive,Accessories,6, ₹ 900 ," ₹ 5,400 ",2025-06-05 00:00:00,Refunded,Processing,Marketplace,Regular," ₹ 48,60,000 ",0%
C0580,Sneha Gupta,sneha.gupta@gmail.com,9193894984,ahmedabad,gujarat,Pen Set,Stationery,2, ₹ 250 , ₹ 500 ,2024-01-10 00:00:00,Cancelled,Returned,Online,Regular," ₹ 1,25,000 ",0%
C0580,Rohan Desai,rohan.desai@gmail.com,9076631329,pune,maharashtra,Laptop,Electronics,4," ₹ 55,000 "," ₹ 2,20,000 ",2026-02-18 00:00:00,Refunded,Shipped,Online,Gold," ₹ 12,10,00,00,000 ",80%
C0581,Aditya Yadav,aditya.yadav@gmail,7430372878,bhopal,madhya pradesh,Monitor,Electronics,2," ₹ 12,000 "," ₹ 24,000 ",2026-03-15 00:00:00,Cancelled,Returned,Store,Regular," ₹ 28,80,00,000 ",2%
C0581,Neha Sharma,neha.sharma@gmail.com,9258455735,delhi,delhi,Desk,Furniture,8," ₹ 12,000 "," ₹ 96,000 ",2024-05-01 00:00:00,Pending,Shipped,Online,Regular," ₹ 1,15,20,00,000 ",8%
C0583,Sneha Mishra,sneha.mishra@gmail.com,9378483743,chennai,tamil nadu,Notebook,Stationery,8, ₹ 120 , ₹ 960 ,2025-05-02 00:00:00,Pending,Returned,Online,Regular," ₹ 1,15,200 ",0%
C0583,Neha Shah,neha.shah@gmail.com,7187537466,rajkot,gujarat,Keyboard,Electronics,5," ₹ 1,500 "," ₹ 7,500 ",2025-05-10 00:00:00,Cancelled,Delivered,Marketplace,Regular," ₹ 1,12,50,000 ",0%
C0584,Meena Kaur,meena.kaur@gmail.com,9246611301,kolkata,west bengal,Headphones,Electronics,4," ₹ 2,500 "," ₹ 10,000 ",2026-05-18 00:00:00,Paid,Returned,Marketplace,Regular," ₹ 2,50,00,000 ",0%
C0585,Suresh Reddy,suresh.reddy@gmail.com,7042655516,bengaluru,karnataka,Pen Set,Stationery,4, ₹ 250 ," ₹ 1,000 ",2024-03-20 00:00:00,Pending,Processing,Marketplace,Regular," ₹ 2,50,000 ",0%
C0585,Suresh Yadav,suresh.yadav@gmail.com,7933885988,kolkata,west bengal,Monitor,Electronics,1," ₹ 12,000 "," ₹ 72,000 ",2026-03-22 00:00:00,Refunded,Shipped,Store,Regular," ₹ 86,40,00,000 ",6%
C0586,Karan Mehta,karan.mehta@gmail.com,7955042637,chennai,tamil nadu,Notebook,Stationery,2, ₹ 120 , ₹ 960 ,2025-11-18 00:00:00,Cancelled,Returned,Store,Regular," ₹ 1,15,200 ",0%
C0586,Kavita Singh,kavita.singh@gmail.com,9386883320,delhi,delhi,Mouse,Electronics,7, ₹ 800 ," ₹ 5,600 ",2026-04-28 00:00:00,Paid,Returned,Store,Regular," ₹ 44,80,000 ",0%
C0588,Suresh Chauhan,suresh.chauhan@gmail.com,7970172879,hyderabad,telangana,USB Drive,Accessories,2, ₹ 900 ," ₹ 1,800 ",2026-01-04 00:00:00,Paid,Returned,Store,Regular," ₹ 16,20,000 ",0%
C0589,Pooja Yadav,pooja.yadav@gmail.com,7871761712,bengaluru,karnataka,USB Drive,Accessories,8, ₹ 900 ," ₹ 7,200 ",2024-10-09 00:00:00,Pending,Delivered,Online,Regular," ₹ 64,80,000 ",0%
C0590,Priya Patel,priya.patel@gmail.com,Not Available,bengaluru,karnataka,Desk,Furniture,1," ₹ 12,000 "," ₹ 12,000 ",2025-03-10 00:00:00,Pending,Cancelled,Store,Regular," ₹ 14,40,00,000 ",1%
C0590,Priya Desai,priya.desai@gmail.com,7391283036,mumbai,maharashtra,Backpack,Accessories,8," ₹ 1,800 "," ₹ 14,400 ",2024-12-21 00:00:00,Cancelled,Cancelled,Marketplace,Regular," ₹ 2,59,20,000 ",0%
C0591,Mohit Mishra,unknown,Not Available,mumbai,maharashtra,Desk,Furniture,2," ₹ 12,000 "," ₹ 24,000 ",2025-01-03 00:00:00,Refunded,Cancelled,Online,Regular," ₹ 28,80,00,000 ",2%
C0592,Anjali Sharma,anjali.sharma@gmail.com,9758490418,mumbai,maharashtra,Monitor,Electronics,1, ₹ -   ," ₹ 12,000 ",2024-06-20 00:00:00,Refunded,Cancelled,Store,Regular, ₹ -   ,0%
C0592,Rohan Verma,rohan.verma@gmail.com,7041580252,jaipur,rajasthan,Backpack,Accessories,6," ₹ 1,800 "," ₹ 10,800 ",2024-12-13 00:00:00,Pending,Cancelled,Store,Regular," ₹ 1,94,40,000 ",0%
C0592,Rohan Verma,rohan.verma@gmail.com,7041580252,jaipur,rajasthan,Backpack,Accessories,6," ₹ 1,800 "," ₹ 10,800 ",2024-12-13 00:00:00,Pending,Cancelled,Store,Regular," ₹ 1,94,40,000 ",0%
C0593,Anjali Kaur,anjali.kaur@gmail.com,7153931824,ahmedabad,gujarat,Headphones,Electronics,6," ₹ 2,500 "," ₹ 15,000 ",2025-01-12 00:00:00,Refunded,Delivered,Store,Regular," ₹ 3,75,00,000 ",0%
C0594,Anjali Reddy,anjali.reddy@gmail.com,7617262027,surat,gujarat,Keyboard,Electronics,5," ₹ 1,500 "," ₹ 7,500 ",2025-01-16 00:00:00,Refunded,Cancelled,Store,Regular," ₹ 1,12,50,000 ",0%
C0594,Kavita Verma,kavita.verma@gmail.com,7654602021,rajkot,gujarat,Smartphone,Electronics,4," ₹ 28,000 "," ₹ 1,12,000 ",2025-01-23 00:00:00,Pending,Cancelled,Marketplace,Regular," ₹ 3,13,60,00,000 ",21%
C0595,Sneha Desai,sneha.desai@gmail.com,7343868435,vadodara,gujarat,USB Drive,Accessories,5, ₹ 900 ," ₹ 4,500 ",2025-04-21 00:00:00,Paid, Returned ,Marketplace,Regular," ₹ 40,50,000 ",0%
C0596,Anjali Joshi,anjali.joshi@gmail.com,9377148230,bengaluru,karnataka,Smartphone,Electronics,7," ₹ 28,000 "," ₹ 1,96,000 ",2026-02-02 00:00:00,Cancelled,Processing,Marketplace,Regular," ₹ 5,48,80,00,000 ",36%
C0598,Rahul Joshi,rahul.joshi@gmail.com,8991836786,lucknow,uttar pradesh,Keyboard,Electronics,7," ₹ 1,500 "," ₹ 10,500 ",2024-07-08 00:00:00,Cancelled,Cancelled,Marketplace,Regular," ₹ 1,57,50,000 ",0%
C0599,Sneha Gupta,sneha.gupta@gmail.com,9281169403,vadodara,gujarat,Laptop,Electronics,2," ₹ 55,000 "," ₹ 1,10,000 ",2026-05-21 00:00:00,Pending,Delivered,Marketplace,Gold," ₹ 6,05,00,00,000 ",40%
C0599,Arjun Sharma,arjun.sharma@gmail.com,8419756364,jaipur,rajasthan,USB Drive,Accessories,3, ₹ 900 ," ₹ 2,700 ",2024-02-10 00:00:00,Pending,Processing,Marketplace,Regular," ₹ 24,30,000 ",0%
C0600,Meena Singh,meena.singh@gmail.com,8266291262,hyderabad,telangana,Office Chair,Furniture,1," ₹ 8,500 "," ₹ 8,500 ",2024-12-07 00:00:00,Paid,Delivered,Marketplace,Regular," ₹ 7,22,50,000 ",0%
C0602,Amit Sharma,amit.sharma@gmail.com,8126077199,rajkot,gujarat,Laptop,Electronics,1," ₹ 55,000 "," ₹ 55,000 ",2026-03-19 00:00:00,Refunded,Returned,Store,Gold," ₹ 3,02,50,00,000 ",20%
C0602,Karan Reddy,karan.reddy@gmail.com,9299819036,mumbai,maharashtra,Keyboard,Electronics,6," ₹ 1,500 "," ₹ 9,000 ",2024-09-10 00:00:00,Paid,Processing,Online,Regular," ₹ 1,35,00,000 ",0%
C0602,Rohan Chauhan,rohan.chauhan@gmail.com,8710668371,bhopal,madhya pradesh,Monitor,Electronics,5," ₹ 12,000 "," ₹ 60,000 ",2024-06-15 00:00:00,Pending,Returned,Store,Regular," ₹ 72,00,00,000 ",5%
C0603,Riya Singh,riya.singh@gmail.com,9527331058,rajkot,gujarat,Laptop,Electronics,2," ₹ 55,000 "," ₹ 1,10,000 ",2025-12-25 00:00:00,Paid,Shipped,Online,Gold," ₹ 6,05,00,00,000 ",40%
C0603,Riya Gupta,riya.gupta@gmail.com,8695577814,indore,madhya pradesh,Headphones,Electronics,8," ₹ 2,500 "," ₹ 20,000 ",2025-10-13 00:00:00,Refunded,Cancelled,Marketplace,Regular," ₹ 5,00,00,000 ",0%
C0605,Kavita Sharma,kavita.sharma@gmail.com,7127978094,ahmedabad,gujarat,Mouse,Electronics,4, ₹ 800 ," ₹ 3,200 ",2025-01-06 00:00:00,Paid,Returned,Online,Regular," ₹ 25,60,000 ",0%
C0605,Simran Mishra,unknown,8764798660,surat,gujarat,Mouse,Electronics,1, ₹ 800 , ₹ 800 ,2024-05-10 00:00:00,Pending,Shipped,Marketplace,Regular," ₹ 6,40,000 ",0%
C0605,Amit Mishra,amit.mishra@gmail.com,7575301286,pune,maharashtra,Monitor,Electronics,4," ₹ 12,000 "," ₹ 48,000 ",2024-11-08 00:00:00,Paid,Shipped,Store,Regular," ₹ 57,60,00,000 ",4%
C0606,Sneha Chauhan,sneha.chauhan@gmail.com,Not Available,kolkata,west bengal,Notebook,Stationery,1, ₹ 120 , ₹ 480 ,2024-06-03 00:00:00,Paid,Cancelled,Online,Regular," ₹ 57,600 ",0%
C0608,Nikhil Reddy,nikhil.reddy@gmail.com,9355655182,jaipur,rajasthan,Desk,Furniture,5," ₹ 12,000 "," ₹ 60,000 ",2025-08-03 00:00:00,Pending,Processing,Online,Regular," ₹ 72,00,00,000 ",5%
C0609,Priya Joshi,priya.joshi@gmail.com,9567466567,chennai,tamil nadu,USB Drive,Accessories,1, ₹ 900 , ₹ 900 ,2024-09-07 00:00:00,Paid, Cancelled ,Store,Regular," ₹ 8,10,000 ",0%
C0611,Mohit Gupta,mohit.gupta@gmail.com,8079815404,bengaluru,karnataka,Laptop,Electronics,2," ₹ 55,000 "," ₹ 1,10,000 ",2025-11-29 00:00:00,Cancelled,Processing,Online,Gold," ₹ 6,05,00,00,000 ",40%
C0612,Arjun Patel,unknown,7409221994,bengaluru,karnataka,Laptop,Electronics,1," ₹ 55,000 "," ₹ 55,000 ",2024-12-06 00:00:00,Pending,Cancelled,Store,Gold," ₹ 3,02,50,00,000 ",20%
C0612,Rahul Chauhan,unknown,8327660794,rajkot,gujarat,Notebook,Stationery,4, ₹ 120 , ₹ 480 ,2025-10-15 00:00:00,Paid,Shipped,Store,Regular," ₹ 57,600 ",0%
C0612,Isha Chauhan,isha.chauhan@gmail.com,8393417638,indore,madhya pradesh,Office Chair,Furniture,1," ₹ 8,500 "," ₹ 8,500 ",2024-10-25 00:00:00,Refunded,Cancelled,Online,Regular," ₹ 7,22,50,000 ",0%
C0612,Sneha Verma,sneha.verma@gmail.com,9305069227,surat,gujarat,Monitor,Electronics,7," ₹ 12,000 "," ₹ 84,000 ",2024-05-17 00:00:00,Cancelled,Processing,Store,Regular," ₹ 1,00,80,00,000 ",7%
C0613,Rahul Sharma,rahul.sharma@gmail.com,8620901440,lucknow,uttar pradesh,Mouse,Electronics,4, ₹ 800 ," ₹ 3,200 ",2025-01-18 00:00:00,Pending,Shipped,Online,Regular," ₹ 25,60,000 ",0%
C0613,Sneha Yadav,sneha.yadav@gmail.com,8721444792,bengaluru,karnataka,Notebook,Stationery,7, ₹ 120 , ₹ 840 ,2025-07-10 00:00:00,Paid,Processing,Marketplace,Regular," ₹ 1,00,800 ",0%
C0614,Aditya Mishra,aditya.mishra@gmail.com,7079972435,bhopal,madhya pradesh,USB Drive,Accessories,5, ₹ 900 ," ₹ 4,500 ",2024-03-28 00:00:00,Pending,Cancelled,Marketplace,Regular," ₹ 40,50,000 ",0%
C0615,Vikas Mishra,vikas.mishra@gmail.com,9990651739,delhi,delhi,Backpack,Accessories,3," ₹ 1,800 "," ₹ 5,400 ",2024-12-06 00:00:00,Pending,Processing,Marketplace,Regular," ₹ 97,20,000 ",0%
C0616,Isha Sharma,isha.sharma@gmail.com,8051035049,bhopal,madhya pradesh,Notebook,Stationery,5, ₹ 120 , ₹ 600 ,2025-09-26 00:00:00,Pending,Delivered,Online,Regular," ₹ 72,000 ",0%
C0616,Isha Desai,isha.desai@gmail.com,9609592494,mumbai,maharashtra,USB Drive,Accessories,1, ₹ 900 , ₹ 900 ,2026-05-18 00:00:00,Cancelled,Shipped,Marketplace,Regular," ₹ 8,10,000 ",0%
C0617,Suresh Patel,suresh.patel@gmail.com,8713084216,mumbai,maharashtra,Keyboard,Electronics,4," ₹ 1,500 "," ₹ 6,000 ",2026-02-28 00:00:00,Refunded,Delivered,Online,Regular," ₹ 90,00,000 ",0%
C0617,Nikhil Verma,nikhil.verma@gmail.com,9352808730,indore,madhya pradesh,Smartphone,Electronics,4," ₹ 28,000 "," ₹ 1,12,000 ",2024-07-24 00:00:00,Pending,Returned,Marketplace,Regular," ₹ 3,13,60,00,000 ",21%
C0617,Neha Reddy,neha.reddy@gmail.com,9279035657,mumbai,maharashtra,USB Drive,Accessories,4, ₹ 900 ," ₹ 3,600 ",2025-01-12 00:00:00,Refunded,Returned,Marketplace,Regular," ₹ 32,40,000 ",0%
C0619,Karan Shah,karan.shah@gmail.com,8027918636,bengaluru,karnataka,Smartphone,Electronics,5," ₹ 28,000 "," ₹ 1,40,000 ",2025-01-24 00:00:00,Refunded,Returned,Marketplace,Regular," ₹ 3,92,00,00,000 ",26%
C0619,Aditya Kumar,aditya.kumar@gmail.com,9181627202,ahmedabad,gujarat,Office Chair,Furniture,2," ₹ 8,500 "," ₹ 17,000 ",2024-11-29 00:00:00,Paid,Processing,Marketplace,Regular," ₹ 14,45,00,000 ",1%
C0619,Simran Chauhan,simran.chauhan@gmail.com,9740185752,hyderabad,telangana,Keyboard,Electronics,4," ₹ 1,500 "," ₹ 6,000 ",2024-03-29 00:00:00,Refunded,Returned,Store,Regular," ₹ 90,00,000 ",0%
C0620,Rohan Mishra,rohan.mishra@gmail.com,8932402710,pune,maharashtra,Smartphone,Electronics,8, ₹ -   ," ₹ 2,24,000 ",2026-02-20 00:00:00,Paid,Returned,Online,Regular, ₹ -   ,0%
C0620,Kavita Patel,kavita.patel@gmail.com,7491404673,indore,madhya pradesh,Backpack,Accessories,4," ₹ 1,800 "," ₹ 7,200 ",2025-03-16 00:00:00,Refunded,Shipped,Store,Regular," ₹ 1,29,60,000 ",0%
C0620,Karan Desai,karan.desai@gmail.com,Not Available,rajkot,gujarat,Backpack,Accessories,5," ₹ 1,800 "," ₹ 9,000 ",2025-06-01 00:00:00,Refunded,Processing,Online,Regular," ₹ 1,62,00,000 ",0%
C0620,Rohan Kumar,rohan.kumar@gmail.com,8840944980,bengaluru,karnataka,Smartphone,Electronics,3," ₹ 28,000 "," ₹ 83,900 ",2025-11-26 00:00:00,Refunded,Shipped,Marketplace,Regular," ₹ 2,34,92,00,000 ",15%
C0621,Isha Desai,isha.desai@gmail.com,7195472006,surat,gujarat,Headphones,Electronics,7," ₹ 2,500 "," ₹ 17,500 ",2024-05-11 00:00:00,refunded,Processing,Online,Regular," ₹ 4,37,50,000 ",0%
C0622,Neha Kumar,neha.kumar@gmail.com,8263341689,ahmedabad,gujarat,Notebook,Stationery,7, ₹ 120 , ₹ 840 ,2024-06-21 00:00:00,Paid,Delivered,Marketplace,Regular," ₹ 1,00,800 ",0%
C0622,Nikhil Singh,nikhil.singh@gmail.com,8682557807,mumbai,maharashtra,Backpack,Accessories,1," ₹ 1,800 "," ₹ 1,800 ",2026-03-13 00:00:00,Pending,Cancelled,Store,Regular," ₹ 32,40,000 ",0%
C0622,Anjali Singh,anjali.singh@gmail.com,9734252963,rajkot,gujarat,Pen Set,Stationery,5, ₹ 250 ," ₹ 1,250 ",2025-11-25 00:00:00,Pending,Delivered,Marketplace,Regular," ₹ 3,12,500 ",0%
C0622,Vikas Shah,vikas.shah@gmail.com,9529276291,surat,gujarat,Desk,Furniture,1," ₹ 12,000 "," ₹ 12,000 ",2024-12-14 00:00:00,Refunded,Shipped,Store,Regular," ₹ 14,40,00,000 ",1%
C0623,Sneha Singh,sneha.singh@gmail.com,7931466076,hyderabad,telangana,Backpack,Accessories,8," ₹ 1,800 "," ₹ 14,400 ",2025-04-09 00:00:00,Refunded,Cancelled,Online,Regular," ₹ 2,59,20,000 ",0%
C0623,Karan Yadav,karan.yadav@gmail.com,9261016130,rajkot,gujarat,Headphones,Electronics,4," ₹ 2,500 "," ₹ 10,000 ",2024-01-24 00:00:00,Paid,Returned,Store,Regular," ₹ 2,50,00,000 ",0%
C0626,Rohan Desai,rohan.desai@gmail.com,8734900802,jaipur,rajasthan,Backpack,Accessories,4," ₹ 1,800 "," ₹ 7,200 ",2025-07-11 00:00:00,Refunded,Processing,Marketplace,Regular," ₹ 1,29,60,000 ",0%
C0626,Suresh Yadav,suresh.yadav@gmail.com,7490623034,pune,maharashtra,Smartphone,Electronics,8," ₹ 28,000 "," ₹ 2,24,000 ",2025-09-24 00:00:00,Pending,Processing,Marketplace,Regular," ₹ 6,27,20,00,000 ",41%
C0627,Arjun Mishra,arjun.mishra@gmail.com,8707052548,lucknow,uttar pradesh,Mouse,Electronics,7, ₹ 800 ," ₹ 5,600 ",2025-07-19 00:00:00,Refunded,Shipped,Store,Regular," ₹ 44,80,000 ",0%
C0628,Amit Mehta,amit.mehta@gmail.com,8837886403,bhopal,madhya pradesh,Desk,Furniture,2," ₹ 12,000 "," ₹ 24,000 ",2026-01-21 00:00:00,Refunded,Processing,Marketplace,Regular," ₹ 28,80,00,000 ",2%
C0628,Pooja Mehta,pooja.mehta@gmail.com,8760097041,chennai,tamil nadu,Smartphone,Electronics,2," ₹ 28,000 "," ₹ 56,000 ",2024-04-08 00:00:00,Paid,Delivered,Online,Regular," ₹ 1,56,80,00,000 ",10%
C0629,Riya Sharma,riya.sharma@gmail.com,Not Available,bhopal,madhya pradesh,Backpack,Accessories,2," ₹ 1,800 "," ₹ 9,000 ",2024-01-30 00:00:00,Pending,Processing,Marketplace,Regular," ₹ 1,62,00,000 ",0%
C0629,Isha Yadav,isha.yadav@gmail.com,8055637578,chennai,tamil nadu,Headphones,Electronics,8," ₹ 2,500 "," ₹ 20,000 ",2025-02-25 00:00:00,Refunded,Delivered,Online,Regular," ₹ 5,00,00,000 ",0%
C0629,Nikhil Verma,nikhil.verma@gmail.com,9566125120,surat,gujarat,Keyboard,Electronics,8, ₹ -   ," ₹ 12,000 ",2025-03-25 00:00:00,Paid,Shipped,Marketplace,Regular, ₹ -   ,0%
C0629,Isha Gupta,isha.gupta@gmail.com,7021537349,vadodara,gujarat,Notebook,Stationery,5, ₹ 120 , ₹ 600 ,2024-05-04 00:00:00,Pending,Returned,Online,Regular," ₹ 72,000 ",0%
C0630,Meena Singh,meena.singh@gmail.com,7573673552,jaipur,rajasthan,Keyboard,Electronics,8," ₹ 1,500 "," ₹ 12,000 ",2026-02-04 00:00:00,Cancelled,Cancelled,Marketplace,Regular," ₹ 1,80,00,000 ",0%
C0631,Mohit Reddy,mohit.reddy@gmail.com,7933058809,ahmedabad,gujarat,Monitor,Electronics,3," ₹ 12,000 "," ₹ 36,000 ",2026-02-09 00:00:00,Paid,Returned,Marketplace,Regular," ₹ 43,20,00,000 ",3%
C0632,Pooja Desai,pooja.desai@gmail.com,9508990774,vadodara,gujarat,Pen Set,Stationery,6, ₹ 250 ," ₹ 1,500 ",2026-04-07 00:00:00,Cancelled,Cancelled,Online,Regular," ₹ 3,75,000 ",0%
C0633,Amit Singh,amit.singh@gmail,9710815922,chennai,tamil nadu,Headphones,Electronics,4," ₹ 2,500 "," ₹ 10,000 ",2026-02-03 00:00:00,Paid,Cancelled,Online,Regular," ₹ 2,50,00,000 ",0%
C0633,Neha Verma,neha.verma@gmail.com,7489680170,lucknow,uttar pradesh,Monitor,Electronics,8," ₹ 12,000 "," ₹ 96,000 ",2024-07-22 00:00:00,Pending,Processing,Marketplace,Regular," ₹ 1,15,20,00,000 ",8%
C0637,Aditya Patel,aditya.patel@gmail.com,Not Available,bengaluru,karnataka,Mouse,Electronics,5, ₹ 800 ," ₹ 4,000 ",2024-05-15 00:00:00,Cancelled,Delivered,Online,Regular," ₹ 32,00,000 ",0%
C0638,Riya Sharma,riya.sharma@gmail.com,8692304102,hyderabad,telangana,Pen Set,Stationery,1, ₹ 250 , ₹ 250 ,2024-03-26 00:00:00,refunded,Shipped,Store,Regular," ₹ 62,500 ",0%
C0638,Sneha Singh,sneha.singh@gmail.com,8377154307,surat,gujarat,Keyboard,Electronics,1," ₹ 1,500 "," ₹ 1,500 ",2025-07-01 00:00:00,Paid,Shipped,Online,Regular," ₹ 22,50,000 ",0%
C0638,Rohan Desai,rohan.desai@gmail,9870157362,surat,gujarat,Office Chair,Furniture,1," ₹ 8,500 "," ₹ 8,500 ",2024-09-18 00:00:00,Pending,Delivered,Store,Regular," ₹ 7,22,50,000 ",0%
C0639,Aditya Verma,aditya.verma@gmail.com,7210821160,pune,maharashtra,Mouse,Electronics,2, ₹ 800 ," ₹ 1,600 ",2024-01-14 00:00:00,Pending,Cancelled,Online,Regular," ₹ 12,80,000 ",0%
C0639,Suresh Mishra,suresh.mishra@gmail.com,7344951668,indore,madhya pradesh,Smartphone,Electronics,7," ₹ 28,000 "," ₹ 1,96,000 ",2024-11-20 00:00:00,Refunded,Returned,Online,Regular," ₹ 5,48,80,00,000 ",36%
C0640,Isha Mehta,isha.mehta@gmail.com,9420721027,surat,gujarat,Laptop,Electronics,2, ₹ -   ," ₹ 1,10,000 ",2024-02-16 00:00:00,Cancelled,Shipped,Marketplace,Regular, ₹ -   ,0%
C0641,Rahul Reddy,rahul.reddy@gmail.com,8526788512,rajkot,gujarat,USB Drive,Accessories,5, ₹ 900 ," ₹ 4,500 ",2024-06-29 00:00:00,Cancelled,Delivered,Marketplace,Regular," ₹ 40,50,000 ",0%
C0642,Mohit Sharma,mohit.sharma@gmail.com,7533594595,bhopal,madhya pradesh,Keyboard,Electronics,8," ₹ 1,500 "," ₹ 12,000 ",2025-12-04 00:00:00,Paid,Cancelled,Online,Regular," ₹ 1,80,00,000 ",0%
C0642,Riya Reddy,riya.reddy@gmail.com,7712833513,hyderabad,telangana,Pen Set,Stationery,7, ₹ 250 ," ₹ 1,750 ",2024-07-10 00:00:00,Paid,Processing,Marketplace,Regular," ₹ 4,37,500 ",0%
C0644,Nikhil Chauhan,nikhil.chauhan@gmail.com,8784266819,delhi,delhi,USB Drive,Accessories,7, ₹ 900 ," ₹ 6,300 ",2024-03-25 00:00:00,Pending,Processing,Online,Regular," ₹ 56,70,000 ",0%
C0645,Neha Kaur,neha.kaur@gmail.com,8873145919,ahmedabad,gujarat,Desk,Furniture,7," ₹ 12,000 "," ₹ 84,000 ",2025-06-20 00:00:00,Paid,Shipped,Marketplace,Regular," ₹ 1,00,80,00,000 ",7%
C0645,Isha Chauhan,unknown,8632905061,vadodara,gujarat,Backpack,Accessories,4," ₹ 1,800 "," ₹ 7,200 ",2024-02-02 00:00:00,Paid,Shipped,Online,Regular," ₹ 1,29,60,000 ",0%
C0647,Vikas Kaur,vikas.kaur@gmail.com,9767803644,delhi,delhi,Laptop,Electronics,5," ₹ 55,000 "," ₹ 2,75,000 ",2026-06-06 00:00:00,Paid,Cancelled,Store,Gold," ₹ 15,12,50,00,000 ",99%
C0647,Anjali Kumar,anjali.kumar@gmail.com,8029597663,chennai,tamil nadu,Mouse,Electronics,5, ₹ 800 ," ₹ 4,000 ",2024-07-17 00:00:00,Pending,Cancelled,Store,Regular," ₹ 32,00,000 ",0%
C0648,Mohit Mehta,mohit.mehta@gmail.com,7049832004,ahmedabad,gujarat,Monitor,Electronics,2," ₹ 12,000 "," ₹ 24,000 ",2024-05-04 00:00:00,Refunded,Returned,Online,Regular," ₹ 28,80,00,000 ",2%
C0648,Amit Mehta,amit.mehta@gmail.com,9296202444,indore,madhya pradesh,Smartphone,Electronics,2," ₹ 28,000 "," ₹ 56,000 ",2026-05-11 00:00:00,Refunded,Processing,Marketplace,Regular," ₹ 1,56,80,00,000 ",10%
C0648,Priya Kaur,priya.kaur@gmail.com,8320003795,indore,madhya pradesh,Monitor,Electronics,1," ₹ 12,000 "," ₹ 96,000 ",2025-09-17 00:00:00,Pending,Returned,Online,Regular," ₹ 1,15,20,00,000 ",8%
C0649,Rahul Reddy,rahul.reddy@gmail.com,9694254580,ahmedabad,gujarat,Office Chair,Furniture,6," ₹ 8,500 "," ₹ 51,000 ",2025-06-27 00:00:00,paid,Processing,Store,Regular," ₹ 43,35,00,000 ",3%
C0649,Pooja Singh,pooja.singh@gmail.com,8085259583,chennai,tamil nadu,Keyboard,Electronics,7," ₹ 1,500 "," ₹ 10,500 ",2026-03-19 00:00:00,Refunded,Delivered,Store,Regular," ₹ 1,57,50,000 ",0%
C0650,Arjun Chauhan,arjun.chauhan@gmail.com,8935098341,jaipur,rajasthan,Mouse,Electronics,6, ₹ 800 ," ₹ 4,800 ",2025-07-20 00:00:00,Refunded,Cancelled,Online,Regular," ₹ 38,40,000 ",0%
C0652,Aditya Chauhan,aditya.chauhan@gmail.com,8479155865,indore,madhya pradesh,Keyboard,Electronics,5," ₹ 1,500 "," ₹ 7,500 ",2026-02-05 00:00:00,Pending,Cancelled,Marketplace,Regular," ₹ 1,12,50,000 ",0%
C0652,Mohit Sharma,mohit.sharma@gmail.com,7811405047,vadodara,gujarat,Laptop,Electronics,4," ₹ 55,000 "," ₹ 2,20,000 ",2024-07-06 00:00:00,Paid,Cancelled,Store,Gold," ₹ 12,10,00,00,000 ",80%
C0653,Nikhil Verma,nikhil.verma@gmail.com,8526393650,delhi,delhi,Desk,Furniture,8," ₹ 12,000 "," ₹ 96,000 ",2024-07-09 00:00:00,Pending,Shipped,Online,Regular," ₹ 1,15,20,00,000 ",8%
C0653,Suresh Mehta,suresh.mehta@gmail.com,9203687670,lucknow,uttar pradesh,USB Drive,Accessories,3, ₹ 900 ," ₹ 2,700 ",2024-02-01 00:00:00,Pending,Returned,Marketplace,Regular," ₹ 24,30,000 ",0%
C0654,Arjun Joshi,arjun.joshi@gmail.com,8096619850,chennai,tamil nadu,Laptop,Electronics,8," ₹ 55,000 "," ₹ 4,40,000 ",2024-10-21 00:00:00,Pending,Delivered,Store,Gold," ₹ 24,20,00,00,000 ",159%
C0654,Aditya Mishra,aditya.mishra@gmail.com,7157215100,rajkot,gujarat,Mouse,Electronics,4, ₹ 800 ," ₹ 3,200 ",2025-04-07 00:00:00,Pending,Cancelled,Online,Regular," ₹ 25,60,000 ",0%
C0655,Anjali Desai,anjali.desai@gmail.com,8069926278,chennai,tamil nadu,Pen Set,Stationery,7, ₹ 250 ," ₹ 1,750 ",2025-12-24 00:00:00,Refunded,Shipped,Store,Regular," ₹ 4,37,500 ",0%
C0655,Neha Sharma,neha.sharma@gmail.com,8181241943,rajkot,gujarat,Mouse,Electronics,3, ₹ 800 ," ₹ 2,400 ",2026-01-24 00:00:00,Paid,Returned,Online,Regular," ₹ 19,20,000 ",0%
C0656,Kavita Shah,kavita.shah@gmail.com,7125379850,kolkata,west bengal,Pen Set,Stationery,4, ₹ 250 ," ₹ 1,000 ",2025-04-05 00:00:00,Refunded,Cancelled,Online,Regular," ₹ 2,50,000 ",0%
C0657,Simran Mishra,simran.mishra@gmail,8904409842,lucknow,uttar pradesh,Backpack,Accessories,3," ₹ 1,800 "," ₹ 5,400 ",2024-01-04 00:00:00,Refunded,Shipped,Marketplace,Regular," ₹ 97,20,000 ",0%
C0659,Nikhil Reddy,unknown,7152166933,bhopal,madhya pradesh,Desk,Furniture,8," ₹ 12,000 "," ₹ 96,000 ",2024-02-28 00:00:00,Cancelled,Delivered,Marketplace,Regular," ₹ 1,15,20,00,000 ",8%
C0659,Suresh Chauhan,suresh.chauhan@gmail.com,9252551683,pune,maharashtra,USB Drive,Accessories,7, ₹ 900 ," ₹ 6,300 ",2025-02-22 00:00:00,Pending,Processing,Store,Regular," ₹ 56,70,000 ",0%
C0661,Rohan Desai,unknown,9303619991,lucknow,uttar pradesh,Monitor,Electronics,3," ₹ 12,000 "," ₹ 36,000 ",2025-05-14 00:00:00,Pending,Processing,Marketplace,Regular," ₹ 43,20,00,000 ",3%
C0661,Kavita Verma,kavita.verma@gmail.com,9454243528,vadodara,gujarat,Monitor,Electronics,6, ₹ -   ," ₹ 72,000 ",2024-06-03 00:00:00,Pending,Cancelled,Marketplace,Regular, ₹ -   ,0%
C0661,Priya Patel,priya.patel@gmail.com,7934635444,indore,madhya pradesh,Keyboard,Electronics,1," ₹ 1,500 "," ₹ 1,500 ",2026-02-14 00:00:00,Pending,Shipped,Store,Regular," ₹ 22,50,000 ",0%
C0662,Kavita Gupta,kavita.gupta@gmail.com,8554039848,surat,gujarat,Smartphone,Electronics,5," ₹ 28,000 "," ₹ 1,40,000 ",2024-07-03 00:00:00,Pending,Processing,Store,Regular," ₹ 3,92,00,00,000 ",26%
C0662,Anjali Joshi,anjali.joshi@gmail.com,9995801715,delhi,delhi,Laptop,Electronics,3," ₹ 55,000 "," ₹ 1,65,000 ",2024-10-21 00:00:00,Pending,Cancelled,Store,Gold," ₹ 9,07,50,00,000 ",60%
C0662,Priya Verma,priya.verma@gmail.com,8893321208,surat,gujarat,Pen Set,Stationery,6, ₹ 250 ," ₹ 1,500 ",2026-01-19 00:00:00,Pending,Delivered,Store,Regular," ₹ 3,75,000 ",0%
C0663,Isha Sharma,isha.sharma@gmail.com,9419012709,chennai,tamil nadu,Backpack,Accessories,7," ₹ 1,800 "," ₹ 12,600 ",2026-02-09 00:00:00,Cancelled,Cancelled,Online,Regular," ₹ 2,26,80,000 ",0%
C0663,Amit Kaur,amit.kaur@gmail.com,8931819683,indore,madhya pradesh,Smartphone,Electronics,2," ₹ 28,000 "," ₹ 56,000 ",2025-07-02 00:00:00,Pending,Delivered,Store,Regular," ₹ 1,56,80,00,000 ",10%
C0664,Rohan Kaur,rohan.kaur@gmail.com,8140882778,indore,madhya pradesh,Keyboard,Electronics,2," ₹ 1,500 "," ₹ 3,000 ",2024-03-02 00:00:00,Pending,Processing,Marketplace,Regular," ₹ 45,00,000 ",0%
C0664,Pooja Yadav,pooja.yadav@gmail,7364821968,bhopal,madhya pradesh,USB Drive,Accessories,2, ₹ 900 ," ₹ 1,800 ",2026-06-08 00:00:00,Cancelled,Delivered,Store,Regular," ₹ 16,20,000 ",0%
C0665,Rohan Mishra,unknown,8038438114,delhi,delhi,Backpack,Accessories,4," ₹ 1,800 "," ₹ 7,200 ",2024-03-29 00:00:00,Cancelled,Cancelled,Online,Regular," ₹ 1,29,60,000 ",0%
C0668,Karan Mehta,karan.mehta@gmail.com,9598480273,jaipur,rajasthan,Notebook,Stationery,3, ₹ 120 , ₹ 360 ,2024-03-04 00:00:00,Refunded,Delivered,Store,Regular," ₹ 43,200 ",0%
C0668,Aditya Singh,aditya.singh@gmail.com,9410196532,hyderabad,telangana,USB Drive,Accessories,4, ₹ 900 ," ₹ 3,600 ",2024-09-05 00:00:00,Paid,Processing,Store,Regular," ₹ 32,40,000 ",0%
C0668,Rohan Verma,rohan.verma@gmail.com,9440596445,delhi,delhi,Desk,Furniture,2," ₹ 12,000 "," ₹ 24,000 ",2026-05-16 00:00:00,Pending,Shipped,Store,Regular," ₹ 28,80,00,000 ",2%
C0669,Suresh Chauhan,suresh.chauhan@gmail.com,9971236252,lucknow,uttar pradesh,Backpack,Accessories,2," ₹ 1,800 "," ₹ 3,600 ",2026-07-03 00:00:00,Refunded,Cancelled,Store,Regular," ₹ 64,80,000 ",0%
C0671,Pooja Desai,pooja.desai@gmail.com,8850914417,vadodara,gujarat,Keyboard,Electronics,6," ₹ 1,500 "," ₹ 9,000 ",2024-07-09 00:00:00,Pending,Shipped,Store,Regular," ₹ 1,35,00,000 ",0%
C0671,Vikas Verma,vikas.verma@gmail.com,9098611616,kolkata,west bengal,Backpack,Accessories,8," ₹ 1,800 "," ₹ 14,400 ",2025-04-16 00:00:00,Pending,Processing,Online,Regular," ₹ 2,59,20,000 ",0%
C0672,Meena Patel,meena.patel@gmail.com,8224654701,hyderabad,telangana,Monitor,Electronics,4," ₹ 12,000 "," ₹ 48,000 ",2024-11-21 00:00:00,Refunded,Cancelled,Store,Regular," ₹ 57,60,00,000 ",4%
C0673,Meena Desai,meena.desai@gmail.com,8880008770,vadodara,gujarat,Desk,Furniture,5, ₹ -   ," ₹ 60,000 ",2026-05-11 00:00:00,Pending,Shipped,Online,Regular, ₹ -   ,0%
C0674,Aditya Patel,aditya.patel@gmail.com,9955433092,delhi,delhi,Backpack,Accessories,5, ₹ -   ," ₹ 9,000 ",2026-09-06 00:00:00,Pending,Cancelled,Online,Regular, ₹ -   ,0%
C0675,Sneha Gupta,sneha.gupta@gmail.com,8774365207,chennai,tamil nadu,Mouse,Electronics,1, ₹ 800 , ₹ 800 ,2025-10-15 00:00:00,Cancelled,Delivered,Marketplace,Regular," ₹ 6,40,000 ",0%
C0676,Priya Verma,priya.verma@gmail.com,7356324947,bhopal,madhya pradesh,Keyboard,Electronics,1," ₹ 1,500 "," ₹ 1,500 ",2025-10-15 00:00:00,Paid,Delivered,Store,Regular," ₹ 22,50,000 ",0%
C0677,Rahul Kumar,unknown,7063824611,pune,maharashtra,Mouse,Electronics,6, ₹ 800 ," ₹ 4,900 ",2024-01-17 00:00:00,Pending,Processing,Online,Regular," ₹ 39,20,000 ",0%
C0678,Neha Mishra,neha.mishra@gmail.com,9234711156,mumbai,maharashtra,Pen Set,Stationery,3, ₹ 250 , ₹ 750 ,2025-03-04 00:00:00,Paid,Returned,Marketplace,Regular," ₹ 1,87,500 ",0%
C0679,Vikas Mehta,vikas.mehta@gmail.com,7904622735,jaipur,rajasthan,Pen Set,Stationery,6, ₹ 250 ," ₹ 1,500 ",2024-01-17 00:00:00,Pending,Delivered,Marketplace,Regular," ₹ 3,75,000 ",0%
C0679,Meena Reddy,meena.reddy@gmail.com,9637264426,chennai,tamil nadu,Keyboard,Electronics,3," ₹ 1,500 "," ₹ 4,500 ",2025-04-01 00:00:00,Pending,Shipped,Marketplace,Regular," ₹ 67,50,000 ",0%
C0679,Anjali Gupta,anjali.gupta@gmail.com,9780313235,hyderabad,telangana,Pen Set,Stationery,5, ₹ 250 ," ₹ 1,250 ",2024-11-01 00:00:00,Paid,Cancelled,Online,Regular," ₹ 3,12,500 ",0%
C0680,Neha Kaur,neha.kaur@gmail.com,7576775951,mumbai,maharashtra,Monitor,Electronics,2," ₹ 12,000 "," ₹ 24,000 ",2026-01-30 00:00:00,Pending,Processing,Store,Regular," ₹ 28,80,00,000 ",2%
C0680,Isha Mehta,isha.mehta@gmail.com,7401094954,indore,madhya pradesh,Mouse,Electronics,5, ₹ 800 ," ₹ 4,000 ",2024-08-18 00:00:00,Pending,Shipped,Online,Regular," ₹ 32,00,000 ",0%
C0680,Vikas Mehta,vikas.mehta@gmail.com,8549614875,mumbai,maharashtra,Mouse,Electronics,8, ₹ 800 ," ₹ 6,400 ",2025-07-28 00:00:00,Paid,Delivered,Marketplace,Regular," ₹ 51,20,000 ",0%
C0680,Rohan Joshi,rohan.joshi@gmail.com,7158998032,vadodara,gujarat,Notebook,Stationery,6, ₹ 120 , ₹ 720 ,2026-06-09 00:00:00,Paid,Cancelled,Online,Regular," ₹ 86,400 ",0%
C0681,Suresh Verma,suresh.verma@gmail.com,7651149137,kolkata,west bengal,Smartphone,Electronics,7," ₹ 28,000 "," ₹ 1,96,000 ",2025-08-11 00:00:00,Paid,Returned,Marketplace,Regular," ₹ 5,48,80,00,000 ",36%
C0684,Sneha Desai,sneha.desai@gmail.com,9971434495,jaipur,rajasthan,Pen Set,Stationery,6, ₹ 250 ," ₹ 1,500 ",2026-05-22 00:00:00,Cancelled,Returned,Store,Regular," ₹ 3,75,000 ",0%
C0684,Neha Joshi,neha.joshi@gmail.com,8317723211,vadodara,gujarat,Office Chair,Furniture,5," ₹ 8,500 "," ₹ 42,500 ",2025-12-07 00:00:00,Paid,Processing,Store,Regular," ₹ 36,12,50,000 ",2%
C0686,Nikhil Singh,nikhil.singh@gmail.com,9739951076,rajkot,gujarat,Laptop,Electronics,2," ₹ 55,000 "," ₹ 1,10,000 ",2025-02-27 00:00:00,Cancelled,Cancelled,Online,Gold," ₹ 6,05,00,00,000 ",40%
C0687,Karan Reddy,karan.reddy@gmail.com,9943792834,delhi,delhi,Monitor,Electronics,4," ₹ 12,000 "," ₹ 48,000 ",2025-07-04 00:00:00,Refunded,Delivered,Marketplace,Regular," ₹ 57,60,00,000 ",4%
C0688,Anjali Joshi,unknown,9222971316,jaipur,rajasthan,Monitor,Electronics,4," ₹ 12,000 "," ₹ 48,000 ",2024-08-18 00:00:00,Paid,Processing,Online,Regular," ₹ 57,60,00,000 ",4%
C0689,Pooja Desai,pooja.desai@gmail.com,Not Available,delhi,delhi,Headphones,Electronics,1," ₹ 2,500 "," ₹ 2,500 ",2026-02-02 00:00:00,Pending,Returned,Online,Regular," ₹ 62,50,000 ",0%
C0689,Neha Sharma,neha.sharma@gmail.com,7262235551,mumbai,maharashtra,Laptop,Electronics,1," ₹ 55,000 "," ₹ 55,000 ",2024-04-09 00:00:00,Pending,Returned,Online,Gold," ₹ 3,02,50,00,000 ",20%
C0690,Nikhil Joshi,nikhil.joshi@gmail.com,8919550221,bhopal,madhya pradesh,Monitor,Electronics,7," ₹ 12,000 "," ₹ 84,000 ",2025-09-20 00:00:00,cancelled,Cancelled,Marketplace,Regular," ₹ 1,00,80,00,000 ",7%
C0690,Suresh Joshi,suresh.joshi@gmail.com,9556073288,hyderabad,telangana,Notebook,Stationery,2, ₹ 120 , ₹ 240 ,2024-08-15 00:00:00,Refunded,Processing,Store,Regular," ₹ 28,800 ",0%
C0690,Riya Shah,riya.shah@gmail.com,9284637470,delhi,delhi,Mouse,Electronics,4, ₹ 800 ," ₹ 3,200 ",2025-04-16 00:00:00,Cancelled,Shipped,Store,Regular," ₹ 25,60,000 ",0%
C0690,Vikas Patel,vikas.patel@gmail.com,9381780551,bhopal,madhya pradesh,Keyboard,Electronics,8," ₹ 1,500 "," ₹ 11,900 ",2024-11-17 00:00:00,Cancelled,Shipped,Marketplace,Regular," ₹ 1,78,50,000 ",0%
C0691,Karan Kumar,karan.kumar@gmail,9624029587,indore,madhya pradesh,Backpack,Accessories,7," ₹ 1,800 "," ₹ 12,600 ",2026-04-26 00:00:00,Refunded,Returned,Store,Regular," ₹ 2,26,80,000 ",0%
C0691,Sneha Mishra,sneha.mishra@gmail.com,7451709808,delhi,delhi,Desk,Furniture,2," ₹ 12,000 "," ₹ 24,000 ",2024-05-02 00:00:00,Pending,Cancelled,Store,Regular," ₹ 28,80,00,000 ",2%
C0693,Sneha Yadav,sneha.yadav@gmail.com,7028448463,lucknow,uttar pradesh,Notebook,Stationery,1, ₹ 120 , ₹ 20 ,2026-05-18 00:00:00,Refunded,Processing,Marketplace,Regular," ₹ 2,400 ",0%
C0694,Riya Mehta,riya.mehta@gmail.com,8648606935,lucknow,uttar pradesh,USB Drive,Accessories,3, ₹ 900 ," ₹ 2,700 ",2026-03-20 00:00:00,Paid,Returned,Marketplace,Regular," ₹ 24,30,000 ",0%
C0694,Riya Mehta,riya.mehta@gmail.com,8648606935,lucknow,uttar pradesh,USB Drive,Accessories,3, ₹ 900 ," ₹ 2,700 ",2026-03-20 00:00:00,Paid,Returned,Marketplace,Regular," ₹ 24,30,000 ",0%
C0694,Amit Gupta,amit.gupta@gmail.com,8694036518,rajkot,gujarat,Desk,Furniture,6," ₹ 12,000 "," ₹ 72,000 ",2025-09-09 00:00:00,Paid,Processing,Store,Regular," ₹ 86,40,00,000 ",6%
C0695,Rahul Kumar,rahul.kumar@gmail.com,8643396139,hyderabad,telangana,Backpack,Accessories,6," ₹ 1,800 "," ₹ 10,800 ",2024-06-05 00:00:00,Cancelled,Returned,Marketplace,Regular," ₹ 1,94,40,000 ",0%
C0695,Sneha Mehta,sneha.mehta@gmail.com,8680890073,delhi,delhi,Monitor,Electronics,5," ₹ 12,000 "," ₹ 60,000 ",2024-10-16 00:00:00,Pending,Returned,Store,Regular," ₹ 72,00,00,000 ",5%
C0696,Aditya Sharma,unknown,8590239196,indore,madhya pradesh,Smartphone,Electronics,1," ₹ 28,000 "," ₹ 28,000 ",2024-11-05 00:00:00,Cancelled,Returned,Online,Regular," ₹ 78,40,00,000 ",5%
C0697,Aditya Mishra,aditya.mishra@gmail.com,8632399901,ahmedabad,gujarat,Pen Set,Stationery,5, ₹ 250 ," ₹ 1,250 ",2026-03-28 00:00:00,Pending,Delivered,Online,Regular," ₹ 3,12,500 ",0%
C0697,Neha Shah,neha.shah@gmail.com,Not Available,hyderabad,telangana,Monitor,Electronics,6," ₹ 12,000 "," ₹ 72,000 ",2024-06-06 00:00:00,Paid,Delivered,Store,Regular," ₹ 86,40,00,000 ",6%
C0698,Rohan Sharma,rohan.sharma@gmail.com,9363746243,bhopal,madhya pradesh,Keyboard,Electronics,7," ₹ 1,500 "," ₹ 10,500 ",2025-10-30 00:00:00,Refunded,Cancelled,Marketplace,Regular," ₹ 1,57,50,000 ",0%
C0699,Isha Yadav,isha.yadav@gmail.com,7753890647,ahmedabad,gujarat,Pen Set,Stationery,3, ₹ 250 , ₹ 750 ,2026-02-02 00:00:00,Paid,Shipped,Store,Regular," ₹ 1,87,500 ",0%
C0699,Kavita Gupta,unknown,8933131613,mumbai,maharashtra,Backpack,Accessories,1," ₹ 1,800 "," ₹ 1,800 ",2025-09-27 00:00:00,Paid,Shipped,Marketplace,Regular," ₹ 32,40,000 ",0%
C0700,Arjun Kumar,arjun.kumar@gmail.com,7266428954,kolkata,west bengal,Headphones,Electronics,4," ₹ 2,500 "," ₹ 10,000 ",2026-02-10 00:00:00,Paid,Processing,Store,Regular," ₹ 2,50,00,000 ",0%
C0701,Amit Mishra,amit.mishra@gmail.com,9791275402,lucknow,uttar pradesh,Laptop,Electronics,2," ₹ 55,000 "," ₹ 1,10,000 ",2025-02-19 00:00:00,Refunded,Cancelled,Marketplace,Gold," ₹ 6,05,00,00,000 ",40%
C0701,Anjali Mehta,anjali.mehta@gmail.com,9685346571,mumbai,maharashtra,Mouse,Electronics,5, ₹ 800 ," ₹ 4,000 ",2026-04-11 00:00:00,Paid,Processing,Store,Regular," ₹ 32,00,000 ",0%
C0701,Karan Reddy,karan.reddy@gmail.com,Not Available,mumbai,maharashtra,USB Drive,Accessories,3, ₹ 900 ," ₹ 2,700 ",2025-03-16 00:00:00,Pending,Returned,Online,Regular," ₹ 24,30,000 ",0%
C0702,Vikas Chauhan,vikas.chauhan@gmail.com,8518681304,ahmedabad,gujarat,Keyboard,Electronics,1," ₹ 1,500 "," ₹ 7,500 ",2026-05-10 00:00:00,Paid,Processing,Store,Regular," ₹ 1,12,50,000 ",0%
C0702,Sneha Joshi,unknown,7757305041,vadodara,gujarat,Backpack,Accessories,1," ₹ 1,800 "," ₹ 1,800 ",2024-02-25 00:00:00,Cancelled,Processing,Online,Regular," ₹ 32,40,000 ",0%
C0703,Suresh Chauhan,suresh.chauhan@gmail.com,9965754837,bengaluru,karnataka,Headphones,Electronics,6," ₹ 2,500 "," ₹ 15,000 ",2025-08-24 00:00:00,Paid,Returned,Online,Regular," ₹ 3,75,00,000 ",0%
C0703,Rohan Sharma,unknown,8972357370,kolkata,west bengal,Smartphone,Electronics,1," ₹ 28,000 "," ₹ 27,900 ",2024-03-30 00:00:00,Paid,Delivered,Online,Regular," ₹ 78,12,00,000 ",5%
C0703,Anjali Gupta,anjali.gupta@gmail.com,9769510048,pune,maharashtra,Laptop,Electronics,7," ₹ 55,000 "," ₹ 3,85,000 ",2024-10-09 00:00:00,Pending,Delivered,Store,Gold," ₹ 21,17,50,00,000 ",139%
C0703,Priya Kumar,priya.kumar@gmail.com,7640798731,lucknow,uttar pradesh,Pen Set,Stationery,5, ₹ 250 ," ₹ 1,250 ",2024-03-28 00:00:00,Pending,Delivered,Marketplace,Regular," ₹ 3,12,500 ",0%
C0704,Isha Singh,isha.singh@gmail.com,8743180954,rajkot,gujarat,Monitor,Electronics,3," ₹ 12,000 "," ₹ 36,000 ",2024-07-15 00:00:00,Paid,Shipped,Store,Regular," ₹ 43,20,00,000 ",3%
C0704,Pooja Yadav,pooja.yadav@gmail.com,8232679456,pune,maharashtra,Monitor,Electronics,5," ₹ 12,000 "," ₹ 60,000 ",2025-05-26 00:00:00,Cancelled,Processing,Marketplace,Regular," ₹ 72,00,00,000 ",5%
C0704,Nikhil Desai,nikhil.desai@gmail.com,7667829966,chennai,tamil nadu,Keyboard,Electronics,3," ₹ 1,500 "," ₹ 4,500 ",2025-01-22 00:00:00,Cancelled,Delivered,Marketplace,Regular," ₹ 67,50,000 ",0%
C0705,Isha Patel,isha.patel@gmail.com,8859067602,chennai,tamil nadu,USB Drive,Accessories,4, ₹ 900 ," ₹ 3,600 ",2025-05-08 00:00:00,Cancelled,Cancelled,Online,Regular," ₹ 32,40,000 ",0%
C0706,Rohan Kaur,rohan.kaur@gmail.com,9791716713,mumbai,maharashtra,Keyboard,Electronics,5," ₹ 1,500 "," ₹ 7,500 ",2024-04-05 00:00:00,Cancelled,Processing,Online,Regular," ₹ 1,12,50,000 ",0%
C0706,Neha Verma,neha.verma@gmail.com,9465190755,jaipur,rajasthan,Backpack,Accessories,4," ₹ 1,800 "," ₹ 7,200 ",2025-05-21 00:00:00,Cancelled,Cancelled,Online,Regular," ₹ 1,29,60,000 ",0%
C0706,Isha Kaur,isha.kaur@gmail.com,8233460089,delhi,delhi,Pen Set,Stationery,6, ₹ 250 ," ₹ 1,500 ",2024-09-22 00:00:00,Cancelled,Shipped,Marketplace,Regular," ₹ 3,75,000 ",0%
C0706,Anjali Joshi,anjali.joshi@gmail.com,7364481568,bhopal,madhya pradesh,Backpack,Accessories,8," ₹ 1,800 "," ₹ 14,400 ",2026-01-22 00:00:00,Pending,Shipped,Online,Regular," ₹ 2,59,20,000 ",0%
C0706,Sneha Patel,sneha.patel@gmail.com,9436293936,bengaluru,karnataka,Smartphone,Electronics,6," ₹ 28,000 "," ₹ 1,68,000 ",2025-11-29 00:00:00,Cancelled, Cancelled ,Online,Regular," ₹ 4,70,40,00,000 ",31%
C0707,Nikhil Reddy,nikhil.reddy@gmail.com,9285333436,kolkata,west bengal,Notebook,Stationery,2, ₹ 120 , ₹ 240 ,2025-03-03 00:00:00,refunded,Delivered,Online,Regular," ₹ 28,800 ",0%
C0707,Sneha Chauhan,unknown,8811358735,chennai,tamil nadu,Keyboard,Electronics,2," ₹ 1,500 "," ₹ 3,000 ",2024-05-15 00:00:00,Paid,Shipped,Online,Regular," ₹ 45,00,000 ",0%
C0708,Karan Mehta,karan.mehta@gmail.com,Not Available,bengaluru,karnataka,Backpack,Accessories,6," ₹ 1,800 "," ₹ 10,800 ",2024-06-19 00:00:00,Cancelled,Processing,Store,Regular," ₹ 1,94,40,000 ",0%
C0708,Meena Patel,unknown,9994421136,lucknow,uttar pradesh,Headphones,Electronics,2," ₹ 2,500 "," ₹ 5,000 ",2026-03-26 00:00:00,Paid,Processing,Marketplace,Regular," ₹ 1,25,00,000 ",0%
C0709,Simran Desai,simran.desai@gmail.com,7530618370,ahmedabad,gujarat,Monitor,Electronics,3," ₹ 12,000 "," ₹ 96,000 ",2025-10-11 00:00:00,Cancelled,Delivered,Marketplace,Regular," ₹ 1,15,20,00,000 ",8%
C0711,Rohan Gupta,rohan.gupta@gmail.com,8668437028,delhi,delhi,Pen Set,Stationery,3, ₹ 250 , ₹ 750 ,2025-08-11 00:00:00,Refunded,Cancelled,Online,Regular," ₹ 1,87,500 ",0%
C0711,Sneha Verma,unknown,9845774616,delhi,delhi,Notebook,Stationery,1, ₹ 120 , ₹ 120 ,2025-04-10 00:00:00,Paid,Processing,Store,Regular," ₹ 14,400 ",0%
C0712,Aditya Patel,unknown,7724660700,ahmedabad,gujarat,Smartphone,Electronics,4," ₹ 28,000 "," ₹ 1,12,000 ",2024-12-12 00:00:00,Pending,Returned,Store,Regular," ₹ 3,13,60,00,000 ",21%
C0713,Sneha Yadav,sneha.yadav@gmail,7095504800,pune,maharashtra,Office Chair,Furniture,7," ₹ 8,500 "," ₹ 59,500 ",2024-11-26 00:00:00,Paid,Cancelled,Online,Regular," ₹ 50,57,50,000 ",3%
C0714,Priya Kumar,priya.kumar@gmail.com,8671187564,chennai,tamil nadu,Laptop,Electronics,2," ₹ 55,000 "," ₹ 1,10,000 ",2026-04-23 00:00:00,Pending,Cancelled,Marketplace,Gold," ₹ 6,05,00,00,000 ",40%
C0717,Sneha Mishra,sneha.mishra@gmail.com,8958494300,delhi,delhi,Office Chair,Furniture,6," ₹ 8,500 "," ₹ 51,000 ",2024-12-26 00:00:00,Refunded,Returned,Store,Regular," ₹ 43,35,00,000 ",3%
C0719,Simran Sharma,simran.sharma@gmail.com,8722431820,hyderabad,telangana,Office Chair,Furniture,5," ₹ 8,500 "," ₹ 42,500 ",2024-06-01 00:00:00,Paid,Processing,Online,Regular," ₹ 36,12,50,000 ",2%
C0720,Neha Mehta,neha.mehta@gmail.com,8749282456,bhopal,madhya pradesh,USB Drive,Accessories,2, ₹ 900 ," ₹ 1,800 ",2025-05-29 00:00:00,Pending,Delivered,Marketplace,Regular," ₹ 16,20,000 ",0%
C0721,Anjali Yadav,anjali.yadav@gmail.com,9420671425,vadodara,gujarat,Pen Set,Stationery,4, ₹ 250 ," ₹ 1,000 ",2026-05-06 00:00:00,Refunded,Returned,Store,Regular," ₹ 2,50,000 ",0%
C0722,Karan Singh,karan.singh@gmail.com,8195481928,lucknow,uttar pradesh,USB Drive,Accessories,2, ₹ 900 ," ₹ 1,800 ",2025-08-14 00:00:00,Paid,Returned,Online,Regular," ₹ 16,20,000 ",0%
C0722,Rahul Singh,rahul.singh@gmail.com,7091110776,hyderabad,telangana,Monitor,Electronics,5," ₹ 12,000 "," ₹ 60,000 ",2024-08-30 00:00:00,Refunded,Shipped,Marketplace,Regular," ₹ 72,00,00,000 ",5%
C0722,Pooja Yadav,unknown,8051515688,vadodara,gujarat,Monitor,Electronics,5," ₹ 12,000 "," ₹ 60,000 ",2025-09-19 00:00:00,Cancelled,Returned,Store,Regular," ₹ 72,00,00,000 ",5%
C0724,Aditya Kaur,unknown,7345093405,bengaluru,karnataka,Mouse,Electronics,7, ₹ 800 ," ₹ 5,600 ",2024-06-18 00:00:00,Refunded, Processing ,Marketplace,Regular," ₹ 44,80,000 ",0%
C0724,Rahul Desai,rahul.desai@gmail.com,9859055095,chennai,tamil nadu,Keyboard,Electronics,5," ₹ 1,500 "," ₹ 7,500 ",2025-09-11 00:00:00,refunded,Shipped,Store,Regular," ₹ 1,12,50,000 ",0%
C0724,Neha Desai,neha.desai@gmail.com,9157507853,hyderabad,telangana,Keyboard,Electronics,4," ₹ 1,500 "," ₹ 6,000 ",2026-05-25 00:00:00,Pending,Shipped,Online,Regular," ₹ 90,00,000 ",0%
C0725,Riya Desai,riya.desai@gmail.com,9635860024,lucknow,uttar pradesh,Smartphone,Electronics,4," ₹ 28,000 "," ₹ 1,12,000 ",2025-12-11 00:00:00,Pending,Cancelled,Store,Regular," ₹ 3,13,60,00,000 ",21%
C0725,Riya Kaur,riya.kaur@gmail.com,7338325319,hyderabad,telangana,Office Chair,Furniture,1," ₹ 8,500 "," ₹ 8,500 ",2026-01-30 00:00:00,Pending,Cancelled,Marketplace,Regular," ₹ 7,22,50,000 ",0%
C0725,Suresh Desai,suresh.desai@gmail.com,9197590676,hyderabad,telangana,Keyboard,Electronics,7," ₹ 1,500 "," ₹ 10,500 ",2025-07-17 00:00:00,Refunded,Delivered,Online,Regular," ₹ 1,57,50,000 ",0%
C0725,Rahul Yadav,rahul.yadav@gmail.com,9706298441,lucknow,uttar pradesh,USB Drive,Accessories,5, ₹ 900 ," ₹ 4,500 ",2025-07-28 00:00:00,Paid,Returned,Online,Regular," ₹ 40,50,000 ",0%
C0726,Amit Verma,amit.verma@gmail.com,9400552009,delhi,delhi,Backpack,Accessories,6," ₹ 1,800 "," ₹ 10,800 ",2026-12-04 00:00:00,Pending,Returned,Online,Regular," ₹ 1,94,40,000 ",0%
C0726,Kavita Sharma,kavita.sharma@gmail.com,9233040884,bhopal,madhya pradesh,Notebook,Stationery,4, ₹ 120 , ₹ 480 ,2025-01-07 00:00:00,Refunded,Delivered,Marketplace,Regular," ₹ 57,600 ",0%
C0727,Simran Verma,simran.verma@gmail.com,9365835550,surat,gujarat,Notebook,Stationery,7, ₹ 120 , ₹ 840 ,2024-04-05 00:00:00,Pending,Delivered,Store,Regular," ₹ 1,00,800 ",0%
C0729,Kavita Singh,kavita.singh@gmail.com,8373706137,bhopal,madhya pradesh,Laptop,Electronics,3," ₹ 55,000 "," ₹ 1,65,000 ",2024-02-11 00:00:00,Paid,Delivered,Marketplace,Gold," ₹ 9,07,50,00,000 ",60%
C0729,Sneha Joshi,sneha.joshi@gmail.com,7074059253,ahmedabad,gujarat,Headphones,Electronics,4," ₹ 2,500 "," ₹ 10,000 ",2025-02-18 00:00:00,Pending,Processing,Marketplace,Regular," ₹ 2,50,00,000 ",0%
C0730,Anjali Gupta,anjali.gupta@gmail.com,9982896336,jaipur,rajasthan,USB Drive,Accessories,8, ₹ 900 ," ₹ 7,200 ",2025-04-30 00:00:00,Cancelled,Returned,Store,Regular," ₹ 64,80,000 ",0%
C0731,Nikhil Patel,nikhil.patel@gmail.com,7017651775,mumbai,maharashtra,Laptop,Electronics,2," ₹ 55,000 "," ₹ 1,10,000 ",2024-12-07 00:00:00,Refunded,Delivered,Online,Gold," ₹ 6,05,00,00,000 ",40%
C0732,Amit Gupta,amit.gupta@gmail.com,9775094726,vadodara,gujarat,Laptop,Electronics,4," ₹ 55,000 "," ₹ 2,20,000 ",2025-12-25 00:00:00,Refunded,Cancelled,Marketplace,Gold," ₹ 12,10,00,00,000 ",80%
C0733,Karan Verma,karan.verma@gmail.com,7737761377,bhopal,madhya pradesh,Notebook,Stationery,1, ₹ 120 , ₹ 120 ,2026-01-12 00:00:00,Paid,Shipped,Marketplace,Regular," ₹ 14,400 ",0%
C0733,Anjali Reddy,anjali.reddy@gmail.com,8323586087,surat,gujarat,Backpack,Accessories,1," ₹ 1,800 "," ₹ 1,800 ",2026-05-11 00:00:00,Paid,Shipped,Store,Regular," ₹ 32,40,000 ",0%
C0734,Riya Shah,riya.shah@gmail.com,7946785248,jaipur,rajasthan,Pen Set,Stationery,5, ₹ 250 ," ₹ 1,250 ",2026-04-08 00:00:00,Paid,Shipped,Marketplace,Regular," ₹ 3,12,500 ",0%
C0735,Nikhil Patel,unknown,7364119662,pune,maharashtra,Smartphone,Electronics,7," ₹ 28,000 "," ₹ 1,96,000 ",2026-03-01 00:00:00,Pending, Cancelled ,Online,Regular," ₹ 5,48,80,00,000 ",36%
C0735,Neha Mishra,neha.mishra@gmail.com,7989329953,delhi,delhi,Smartphone,Electronics,2," ₹ 28,000 "," ₹ 56,000 ",2025-05-08 00:00:00,Refunded,Cancelled,Online,Regular," ₹ 1,56,80,00,000 ",10%
C0737,Arjun Mishra,arjun.mishra@gmail.com,9045702848,bhopal,madhya pradesh,Backpack,Accessories,2," ₹ 1,800 "," ₹ 3,600 ",2025-11-12 00:00:00,Pending,Returned,Marketplace,Regular," ₹ 64,80,000 ",0%
C0739,Rohan Sharma,rohan.sharma@gmail.com,7549034032,rajkot,gujarat,Office Chair,Furniture,5," ₹ 8,500 "," ₹ 42,500 ",2026-06-17 00:00:00,Cancelled,Processing,Store,Regular," ₹ 36,12,50,000 ",2%
C0739,Sneha Reddy,sneha.reddy@gmail.com,7289109870,ahmedabad,gujarat,Pen Set,Stationery,7, ₹ 250 ," ₹ 1,750 ",2026-01-14 00:00:00,Cancelled,Shipped,Online,Regular," ₹ 4,37,500 ",0%
C0739,Vikas Singh,unknown,Not Available,jaipur,rajasthan,Notebook,Stationery,8, ₹ 120 , ₹ 960 ,2025-05-25 00:00:00,Cancelled,Cancelled,Online,Regular," ₹ 1,15,200 ",0%
C0740,Suresh Singh,suresh.singh@gmail.com,7145998097,ahmedabad,gujarat,Mouse,Electronics,7, ₹ 800 ," ₹ 5,600 ",2025-05-15 00:00:00,Cancelled,Returned,Online,Regular," ₹ 44,80,000 ",0%
C0741,Priya Kaur,priya.kaur@gmail.com,7751897503,delhi,delhi,Keyboard,Electronics,1," ₹ 1,500 "," ₹ 1,500 ",2026-05-06 00:00:00,Refunded,Cancelled,Online,Regular," ₹ 22,50,000 ",0%
C0741,Suresh Shah,suresh.shah@gmail.com,9890973792,chennai,tamil nadu,USB Drive,Accessories,6, ₹ 900 ," ₹ 5,400 ",2026-03-26 00:00:00,Refunded,Shipped,Marketplace,Regular," ₹ 48,60,000 ",0%
C0741,Neha Singh,neha.singh@gmail.com,9185386258,surat,gujarat,Laptop,Electronics,1," ₹ 55,000 "," ₹ 55,000 ",2024-09-07 00:00:00,Paid,Cancelled,Store,Gold," ₹ 3,02,50,00,000 ",20%
C0742,Aditya Yadav,aditya.yadav@gmail.com,7125058196,indore,madhya pradesh,Keyboard,Electronics,4," ₹ 1,500 "," ₹ 6,000 ",2024-12-04 00:00:00,Cancelled,Cancelled,Store,Regular," ₹ 90,00,000 ",0%
C0743,Sneha Patel,sneha.patel@gmail.com,9971192022,pune,maharashtra,Mouse,Electronics,2, ₹ 800 ," ₹ 1,600 ",2025-10-21 00:00:00,Cancelled,Cancelled,Marketplace,Regular," ₹ 12,80,000 ",0%
C0743,Riya Kaur,riya.kaur@gmail.com,8042571199,hyderabad,telangana,Notebook,Stationery,3, ₹ 120 , ₹ 360 ,2025-02-12 00:00:00,Refunded,Shipped,Online,Regular," ₹ 43,200 ",0%
C0744,Karan Kaur,karan.kaur@gmail.com,9119513018,delhi,delhi,Notebook,Stationery,2, ₹ 120 , ₹ 240 ,2025-01-12 00:00:00,Paid,Delivered,Marketplace,Regular," ₹ 28,800 ",0%
C0745,Suresh Verma,suresh.verma@gmail.com,9831458506,bhopal,madhya pradesh,Keyboard,Electronics,1," ₹ 1,500 "," ₹ 1,500 ",2025-07-15 00:00:00,Refunded,Processing,Store,Regular," ₹ 22,50,000 ",0%
C0745,Isha Gupta,isha.gupta@gmail.com,8817865363,ahmedabad,gujarat,Headphones,Electronics,4," ₹ 2,500 "," ₹ 10,000 ",2024-11-04 00:00:00,Paid,Delivered,Online,Regular," ₹ 2,50,00,000 ",0%
C0745,Pooja Patel,pooja.patel@gmail.com,7881303105,bengaluru,karnataka,Mouse,Electronics,7, ₹ 800 ," ₹ 5,600 ",2025-05-18 00:00:00,Paid,Shipped,Marketplace,Regular," ₹ 44,80,000 ",0%
C0746,Vikas Chauhan,vikas.chauhan@gmail.com,7469306919,rajkot,gujarat,Mouse,Electronics,4, ₹ 800 ," ₹ 3,200 ",2025-07-03 00:00:00,Refunded,Shipped,Store,Regular," ₹ 25,60,000 ",0%
C0746,Meena Mishra,meena.mishra@gmail.com,8080815661,kolkata,west bengal,USB Drive,Accessories,2, ₹ 900 ," ₹ 1,800 ",2024-08-03 00:00:00,Pending,Cancelled,Online,Regular," ₹ 16,20,000 ",0%
C0747,Isha Shah,isha.shah@gmail.com,7319372311,bengaluru,karnataka,Headphones,Electronics,5," ₹ 2,500 "," ₹ 12,500 ",2025-01-25 00:00:00,Pending,Cancelled,Store,Regular," ₹ 3,12,50,000 ",0%
C0747,Isha Mishra,isha.mishra@gmail.com,9247500903,bhopal,madhya pradesh,Smartphone,Electronics,8," ₹ 28,000 "," ₹ 2,24,000 ",2026-03-15 00:00:00,Pending,Processing,Store,Regular," ₹ 6,27,20,00,000 ",41%
C0749,Rohan Patel,rohan.patel@gmail.com,8663894274,chennai,tamil nadu,Pen Set,Stationery,6, ₹ 250 ," ₹ 1,500 ",2025-05-31 00:00:00,Refunded,Cancelled,Marketplace,Regular," ₹ 3,75,000 ",0%
C0751,Vikas Kaur,vikas.kaur@gmail.com,9061386599,jaipur,rajasthan,Desk,Furniture,6," ₹ 12,000 "," ₹ 72,000 ",2026-03-04 00:00:00,Cancelled,Cancelled,Marketplace,Regular," ₹ 86,40,00,000 ",6%
C0751,Neha Kumar,neha.kumar@gmail.com,9779243136,pune,maharashtra,Smartphone,Electronics,3," ₹ 28,000 "," ₹ 84,000 ",2024-05-05 00:00:00,Pending,Cancelled,Store,Regular," ₹ 2,35,20,00,000 ",15%
C0751,Aditya Sharma,aditya.sharma@gmail.com,8114703737,vadodara,gujarat,Pen Set,Stationery,1, ₹ 250 , ₹ 250 ,2024-05-29 00:00:00,Cancelled,Cancelled,Marketplace,Regular," ₹ 62,500 ",0%
C0752,Pooja Kumar,pooja.kumar@gmail.com,7763251269,kolkata,west bengal,Laptop,Electronics,7," ₹ 55,000 "," ₹ 3,84,900 ",2026-05-21 00:00:00,Paid,Shipped,Marketplace,Gold," ₹ 21,16,95,00,000 ",139%
C0753,Nikhil Patel,nikhil.patel@gmail.com,8620054076,surat,gujarat,Office Chair,Furniture,5, ₹ -   ," ₹ 42,500 ",2025-07-23 00:00:00,Cancelled,Shipped,Online,Regular, ₹ -   ,0%
C0754,Rohan Joshi,rohan.joshi@gmail.com,9808185031,surat,gujarat,Desk,Furniture,1," ₹ 12,000 "," ₹ 12,000 ",2024-09-05 00:00:00,Pending, Delivered ,Online,Regular," ₹ 14,40,00,000 ",1%
C0754,Priya Gupta,priya.gupta@gmail.com,9897612417,pune,maharashtra,Laptop,Electronics,2," ₹ 55,000 "," ₹ 1,10,000 ",2025-01-27 00:00:00,Cancelled,Cancelled,Marketplace,Gold," ₹ 6,05,00,00,000 ",40%
C0755,Kavita Kaur,kavita.kaur@gmail.com,8429031013,kolkata,west bengal,Office Chair,Furniture,2," ₹ 8,500 "," ₹ 17,000 ",2026-04-24 00:00:00,Pending,Processing,Marketplace,Regular," ₹ 14,45,00,000 ",1%
C0757,Isha Singh,isha.singh@gmail.com,7831066348,mumbai,maharashtra,Desk,Furniture,3," ₹ 12,000 "," ₹ 36,000 ",2025-11-30 00:00:00,Paid,Shipped,Online,Regular," ₹ 43,20,00,000 ",3%
C0759,Arjun Desai,arjun.desai@gmail.com,9401022668,lucknow,uttar pradesh,Keyboard,Electronics,6," ₹ 1,500 "," ₹ 9,000 ",2025-01-11 00:00:00,Paid,Shipped,Store,Regular," ₹ 1,35,00,000 ",0%
C0760,Mohit Gupta,mohit.gupta@gmail.com,8836901321,bengaluru,karnataka,Laptop,Electronics,2," ₹ 55,000 "," ₹ 1,10,000 ",2024-03-18 00:00:00,Pending,Returned,Online,Gold," ₹ 6,05,00,00,000 ",40%
C0760,Simran Patel,simran.patel@gmail.com,7054395639,kolkata,west bengal,Keyboard,Electronics,1," ₹ 1,500 "," ₹ 1,500 ",2024-06-16 00:00:00,Refunded,Processing,Marketplace,Regular," ₹ 22,50,000 ",0%
C0760,Anjali Desai,anjali.desai@gmail.com,9529353797,bengaluru,karnataka,Pen Set,Stationery,6, ₹ 250 ," ₹ 1,500 ",2024-08-31 00:00:00,Cancelled,Shipped,Marketplace,Regular," ₹ 3,75,000 ",0%
C0761,Anjali Shah,anjali.shah@gmail.com,9102606026,mumbai,maharashtra,Backpack,Accessories,2," ₹ 1,800 "," ₹ 3,600 ",2025-02-22 00:00:00,Paid,Delivered,Store,Regular," ₹ 64,80,000 ",0%
C0761,Suresh Mishra,suresh.mishra@gmail.com,9757807940,lucknow,uttar pradesh,Notebook,Stationery,7, ₹ 120 , ₹ 840 ,2026-04-07 00:00:00,Pending,Shipped,Store,Regular," ₹ 1,00,800 ",0%
C0761,Riya Shah,riya.shah@gmail.com,9522607583,kolkata,west bengal,USB Drive,Accessories,3, ₹ 900 ," ₹ 2,700 ",2025-02-28 00:00:00,Paid,Cancelled,Marketplace,Regular," ₹ 24,30,000 ",0%
C0761,Priya Reddy,priya.reddy@gmail.com,9237992459,mumbai,maharashtra,Pen Set,Stationery,6, ₹ 250 ," ₹ 1,500 ",2025-07-22 00:00:00,Paid,Shipped,Marketplace,Regular," ₹ 3,75,000 ",0%
C0762,Rahul Yadav,rahul.yadav@gmail.com,9244294928,ahmedabad,gujarat,Notebook,Stationery,1, ₹ 120 , ₹ 120 ,2025-01-19 00:00:00,Pending,Processing,Store,Regular," ₹ 14,400 ",0%
C0763,Vikas Singh,vikas.singh@gmail.com,8225427052,jaipur,rajasthan,Headphones,Electronics,2," ₹ 2,500 "," ₹ 5,000 ",2025-03-17 00:00:00,Pending,Processing,Store,Regular," ₹ 1,25,00,000 ",0%
C0764,Karan Shah,karan.shah@gmail.com,9991213165,bengaluru,karnataka,Keyboard,Electronics,7," ₹ 1,500 "," ₹ 10,500 ",2024-08-09 00:00:00,Cancelled,Shipped,Online,Regular," ₹ 1,57,50,000 ",0%
C0764,Sneha Kaur,sneha.kaur@gmail.com,8153561013,bhopal,madhya pradesh,Smartphone,Electronics,1," ₹ 28,000 "," ₹ 28,000 ",2024-12-11 00:00:00,Cancelled,Processing,Store,Regular," ₹ 78,40,00,000 ",5%
C0765,Rohan Patel,rohan.patel@gmail.com,9988355499,kolkata,west bengal,Keyboard,Electronics,7," ₹ 1,500 "," ₹ 10,500 ",2026-01-20 00:00:00,Paid,Cancelled,Store,Regular," ₹ 1,57,50,000 ",0%
C0767,Anjali Singh,anjali.singh@gmail.com,8772337553,bhopal,madhya pradesh,Backpack,Accessories,3," ₹ 1,800 "," ₹ 5,400 ",2024-06-13 00:00:00,Pending,Shipped,Marketplace,Regular," ₹ 97,20,000 ",0%
C0767,Aditya Kaur,aditya.kaur@gmail.com,8239573053,jaipur,rajasthan,Monitor,Electronics,8," ₹ 12,000 "," ₹ 96,000 ",2025-12-06 00:00:00,Cancelled,Cancelled,Store,Regular," ₹ 1,15,20,00,000 ",8%
C0767,Pooja Kaur,pooja.kaur@gmail.com,7160916026,surat,gujarat,Headphones,Electronics,2," ₹ 2,500 "," ₹ 5,000 ",2024-12-09 00:00:00,Cancelled,Cancelled,Marketplace,Regular," ₹ 1,25,00,000 ",0%
C0768,Nikhil Reddy,nikhil.reddy@gmail.com,8171630795,hyderabad,telangana,Backpack,Accessories,4," ₹ 1,800 "," ₹ 7,200 ",2025-08-20 00:00:00,Paid,Returned,Marketplace,Regular," ₹ 1,29,60,000 ",0%
C0769,Aditya Kumar,aditya.kumar@gmail.com,7232564616,bengaluru,karnataka,Office Chair,Furniture,8," ₹ 8,500 "," ₹ 68,000 ",2025-07-07 00:00:00,Paid,Returned,Store,Regular," ₹ 57,80,00,000 ",4%
C0770,Suresh Gupta,suresh.gupta@gmail.com,8670091632,vadodara,gujarat,Monitor,Electronics,2," ₹ 12,000 "," ₹ 24,000 ",2026-03-22 00:00:00,Paid,Shipped,Online,Regular," ₹ 28,80,00,000 ",2%
C0771,Arjun Desai,arjun.desai@gmail.com,9630672799,bengaluru,karnataka,Pen Set,Stationery,4, ₹ 250 ," ₹ 1,000 ",2026-03-17 00:00:00,Paid,Returned,Store,Regular," ₹ 2,50,000 ",0%
C0771,Nikhil Shah,nikhil.shah@gmail.com,7494270721,mumbai,maharashtra,Laptop,Electronics,6," ₹ 55,000 "," ₹ 3,30,000 ",2025-04-20 00:00:00,Refunded,Delivered,Store,Gold," ₹ 18,15,00,00,000 ",119%
C0771,Kavita Verma,kavita.verma@gmail.com,7351784589,jaipur,rajasthan,Laptop,Electronics,1," ₹ 55,000 "," ₹ 55,000 ",2024-12-24 00:00:00,Pending,Delivered,Marketplace,Gold," ₹ 3,02,50,00,000 ",20%
C0772,Karan Verma,karan.verma@gmail.com,8533192415,indore,madhya pradesh,Laptop,Electronics,6," ₹ 55,000 "," ₹ 3,30,000 ",2024-10-06 00:00:00,Paid,Processing,Store,Gold," ₹ 18,15,00,00,000 ",119%
C0773,Kavita Mehta,kavita.mehta@gmail.com,9703425939,chennai,tamil nadu,Mouse,Electronics,3, ₹ 800 ," ₹ 2,400 ",2026-02-10 00:00:00,Refunded,Shipped,Online,Regular," ₹ 19,20,000 ",0%
C0775,Aditya Sharma,aditya.sharma@gmail.com,7311769311,pune,maharashtra,Notebook,Stationery,2, ₹ 120 , ₹ 240 ,2024-10-23 00:00:00,Cancelled,Returned,Online,Regular," ₹ 28,800 ",0%
C0775,Vikas Kumar,vikas.kumar@gmail.com,7190420322,pune,maharashtra,Notebook,Stationery,6, ₹ 120 , ₹ 720 ,2026-04-13 00:00:00,pending,Cancelled,Marketplace,Regular," ₹ 86,400 ",0%
C0779,Anjali Gupta,anjali.gupta@gmail.com,9412273600,ahmedabad,gujarat,Smartphone,Electronics,4," ₹ 28,000 "," ₹ 1,12,000 ",2025-04-22 00:00:00,Paid,Processing,Store,Regular," ₹ 3,13,60,00,000 ",21%
C0779,Neha Joshi,neha.joshi@gmail.com,7714531298,kolkata,west bengal,Headphones,Electronics,1," ₹ 2,500 "," ₹ 2,500 ",2024-02-17 00:00:00,Cancelled,Delivered,Store,Regular," ₹ 62,50,000 ",0%
C0779,Mohit Gupta,mohit.gupta@gmail.com,7938630454,delhi,delhi,Monitor,Electronics,4," ₹ 12,000 "," ₹ 48,000 ",2024-10-31 00:00:00,Paid,Cancelled,Store,Regular," ₹ 57,60,00,000 ",4%
C0779,Neha Joshi,neha.joshi@gmail.com,7714531298,kolkata,west bengal,Headphones,Electronics,1," ₹ 2,500 "," ₹ 2,500 ",2024-02-17 00:00:00,Cancelled,Delivered,Store,Regular," ₹ 62,50,000 ",0%
C0781,Pooja Kaur,pooja.kaur@gmail.com,8459535801,pune,maharashtra,Laptop,Electronics,3," ₹ 55,000 "," ₹ 1,65,000 ",2026-06-09 00:00:00,Pending,Returned,Marketplace,Gold," ₹ 9,07,50,00,000 ",60%
C0781,Suresh Shah,suresh.shah@gmail.com,7357482385,lucknow,uttar pradesh,Headphones,Electronics,3," ₹ 2,500 "," ₹ 7,600 ",2025-07-20 00:00:00,Pending,Processing,Store,Regular," ₹ 1,90,00,000 ",0%
C0782,Neha Patel,neha.patel@gmail.com,7080772905,lucknow,uttar pradesh,Desk,Furniture,7," ₹ 12,000 "," ₹ 84,000 ",2024-02-13 00:00:00,Pending,Delivered,Online,Regular," ₹ 1,00,80,00,000 ",7%
C0782,Simran Joshi,simran.joshi@gmail.com,9228932714,chennai,tamil nadu,Desk,Furniture,5," ₹ 12,000 "," ₹ 60,000 ",2024-07-04 00:00:00,Refunded,Cancelled,Online,Regular," ₹ 72,00,00,000 ",5%
C0783,Kavita Yadav,kavita.yadav@gmail.com,9560345306,lucknow,uttar pradesh,Pen Set,Stationery,4, ₹ 250 ," ₹ 1,000 ",2026-03-05 00:00:00,Refunded, Cancelled ,Store,Regular," ₹ 2,50,000 ",0%
C0783,Arjun Verma,arjun.verma@gmail.com,8409274786,ahmedabad,gujarat,Laptop,Electronics,8," ₹ 55,000 "," ₹ 4,40,000 ",2026-02-03 00:00:00,Refunded,Shipped,Online,Gold," ₹ 24,20,00,00,000 ",159%
C0785,Vikas Shah,vikas.shah@gmail.com,8936755326,vadodara,gujarat,Headphones,Electronics,4," ₹ 2,500 "," ₹ 10,000 ",2025-06-02 00:00:00,Paid,Cancelled,Online,Regular," ₹ 2,50,00,000 ",0%
C0785,Meena Kaur,meena.kaur@gmail.com,7359993773,mumbai,maharashtra,Pen Set,Stationery,7, ₹ 250 ," ₹ 1,750 ",2024-09-20 00:00:00,Pending,Delivered,Marketplace,Regular," ₹ 4,37,500 ",0%
C0786,Aditya Singh,aditya.singh@gmail.com,7685583357,ahmedabad,gujarat,Mouse,Electronics,4, ₹ 800 ," ₹ 3,200 ",2024-09-29 00:00:00,Paid,Shipped,Marketplace,Regular," ₹ 25,60,000 ",0%
C0788,Rahul Singh,rahul.singh@gmail.com,9034368522,pune,maharashtra,Headphones,Electronics,3," ₹ 2,500 "," ₹ 7,500 ",2024-03-28 00:00:00,Cancelled,Processing,Marketplace,Regular," ₹ 1,87,50,000 ",0%
C0789,Riya Verma,riya.verma@gmail.com,7649306170,indore,madhya pradesh,USB Drive,Accessories,2, ₹ 900 ," ₹ 1,800 ",2025-12-24 00:00:00,Paid,Cancelled,Store,Regular," ₹ 16,20,000 ",0%
C0790,Sneha Joshi,sneha.joshi@gmail.com,8872853413,delhi,delhi,USB Drive,Accessories,2, ₹ 900 ," ₹ 1,800 ",2025-07-07 00:00:00,Pending,Delivered,Store,Regular," ₹ 16,20,000 ",0%
C0790,Vikas Reddy,unknown,7387150891,chennai,tamil nadu,Monitor,Electronics,2," ₹ 12,000 "," ₹ 24,000 ",2026-01-17 00:00:00,pending,Delivered,Online,Regular," ₹ 28,80,00,000 ",2%
C0791,Aditya Desai,aditya.desai@gmail.com,9149484176,vadodara,gujarat,Smartphone,Electronics,1," ₹ 28,000 "," ₹ 28,000 ",2025-05-09 00:00:00,Paid,Processing,Store,Regular," ₹ 78,40,00,000 ",5%
C0792,Vikas Singh,vikas.singh@gmail.com,8296068379,bhopal,madhya pradesh,Keyboard,Electronics,4," ₹ 1,500 "," ₹ 6,000 ",2025-02-27 00:00:00,Cancelled,Processing,Online,Regular," ₹ 90,00,000 ",0%
C0792,Sneha Joshi,sneha.joshi@gmail.com,9421225455,lucknow,uttar pradesh,Pen Set,Stationery,8, ₹ 250 ," ₹ 2,000 ",2025-11-28 00:00:00,Cancelled,Processing,Online,Regular," ₹ 5,00,000 ",0%
C0793,Rohan Chauhan,rohan.chauhan@gmail.com,9559721644,surat,gujarat,Headphones,Electronics,3," ₹ 2,500 "," ₹ 7,500 ",2024-05-13 00:00:00,Cancelled,Shipped,Online,Regular," ₹ 1,87,50,000 ",0%
C0794,Sneha Joshi,sneha.joshi@gmail.com,8870778191,indore,madhya pradesh,USB Drive,Accessories,5, ₹ 900 ," ₹ 4,500 ",2024-11-26 00:00:00,Pending,Delivered,Store,Regular," ₹ 40,50,000 ",0%
C0798,Nikhil Kaur,nikhil.kaur@gmail.com,7002456273,hyderabad,telangana,Smartphone,Electronics,8," ₹ 28,000 "," ₹ 2,24,000 ",2024-01-20 00:00:00,Paid,Processing,Store,Regular," ₹ 6,27,20,00,000 ",41%
C0799,Nikhil Patel,nikhil.patel@gmail.com,7435039291,bhopal,madhya pradesh,Headphones,Electronics,4," ₹ 2,500 "," ₹ 10,000 ",2025-04-12 00:00:00,Cancelled,Processing,Store,Regular," ₹ 2,50,00,000 ",0%
C0800,Amit Verma,amit.verma@gmail.com,7267951754,delhi,delhi,Office Chair,Furniture,6," ₹ 8,500 "," ₹ 51,000 ",2024-03-02 00:00:00,Cancelled,Processing,Online,Regular," ₹ 43,35,00,000 ",3%
C0800,Anjali Desai,anjali.desai@gmail.com,9520801229,bengaluru,karnataka,Desk,Furniture,7," ₹ 12,000 "," ₹ 84,000 ",2024-06-20 00:00:00,Pending,Delivered,Online,Regular," ₹ 1,00,80,00,000 ",7%
C0801,Meena Gupta,meena.gupta@gmail.com,8218071716,mumbai,maharashtra,Backpack,Accessories,5," ₹ 1,800 "," ₹ 9,000 ",2024-11-10 00:00:00,refunded,Shipped,Online,Regular," ₹ 1,62,00,000 ",0%
C0801,Mohit Sharma,mohit.sharma@gmail.com,7542153826,ahmedabad,gujarat,Mouse,Electronics,6, ₹ 800 ," ₹ 4,800 ",2025-01-05 00:00:00,Refunded,Returned,Online,Regular," ₹ 38,40,000 ",0%
C0802,Suresh Shah,suresh.shah@gmail.com,9490882519,lucknow,uttar pradesh,Backpack,Accessories,1," ₹ 1,800 "," ₹ 1,800 ",2025-04-28 00:00:00,Pending,Cancelled,Online,Regular," ₹ 32,40,000 ",0%
C0803,Aditya Shah,aditya.shah@gmail.com,7208954648,bhopal,madhya pradesh,Headphones,Electronics,5," ₹ 2,500 "," ₹ 12,500 ",2024-08-08 00:00:00,Pending,Cancelled,Online,Regular," ₹ 3,12,50,000 ",0%
C0804,Aditya Mishra,aditya.mishra@gmail.com,7601172960,kolkata,west bengal,Office Chair,Furniture,4," ₹ 8,500 "," ₹ 34,000 ",2024-04-17 00:00:00,Cancelled,Returned,Marketplace,Regular," ₹ 28,90,00,000 ",2%
C0804,Pooja Desai,pooja.desai@gmail.com,9853978147,surat,gujarat,Office Chair,Furniture,7," ₹ 8,500 "," ₹ 59,500 ",2025-03-02 00:00:00,Cancelled,Returned,Online,Regular," ₹ 50,57,50,000 ",3%
C0806,Aditya Singh,aditya.singh@gmail.com,7294678352,indore,madhya pradesh,Notebook,Stationery,4, ₹ 120 , ₹ 480 ,2025-08-23 00:00:00,Pending,Shipped,Store,Regular," ₹ 57,600 ",0%
C0806,Priya Gupta,priya.gupta@gmail.com,8781953573,chennai,tamil nadu,Headphones,Electronics,1," ₹ 2,500 "," ₹ 2,500 ",2024-08-22 00:00:00,Cancelled,Processing,Online,Regular," ₹ 62,50,000 ",0%
C0806,Vikas Shah,vikas.shah@gmail.com,9603647189,bengaluru,karnataka,Monitor,Electronics,7," ₹ 12,000 "," ₹ 84,000 ",2025-08-13 00:00:00,Pending,Processing,Online,Regular," ₹ 1,00,80,00,000 ",7%
C0807,Neha Mehta,neha.mehta@gmail.com,7902962666,mumbai,maharashtra,Desk,Furniture,4," ₹ 12,000 "," ₹ 48,000 ",2025-01-13 00:00:00,Cancelled,Shipped,Marketplace,Regular," ₹ 57,60,00,000 ",4%
C0808,Aditya Mishra,aditya.mishra@gmail.com,9951331472,rajkot,gujarat,Keyboard,Electronics,8," ₹ 1,500 "," ₹ 12,000 ",2024-03-16 00:00:00,Paid,Processing,Online,Regular," ₹ 1,80,00,000 ",0%
C0808,Anjali Chauhan,anjali.chauhan@gmail.com,8884283304,kolkata,west bengal,Mouse,Electronics,1, ₹ 800 , ₹ 800 ,2025-06-12 00:00:00,Refunded,Processing,Marketplace,Regular," ₹ 6,40,000 ",0%
C0808,Anjali Chauhan,anjali.chauhan@gmail.com,8884283304,kolkata,west bengal,Mouse,Electronics,1, ₹ 800 , ₹ 800 ,2025-06-12 00:00:00,Refunded,Processing,Marketplace,Regular," ₹ 6,40,000 ",0%
C0809,Vikas Patel,vikas.patel@gmail.com,Not Available,ahmedabad,gujarat,Notebook,Stationery,7, ₹ 120 , ₹ 840 ,2024-10-17 00:00:00,Cancelled,Returned,Online,Regular," ₹ 1,00,800 ",0%
C0809,Arjun Singh,arjun.singh@gmail.com,9079808343,pune,maharashtra,Headphones,Electronics,1," ₹ 2,500 "," ₹ 2,500 ",2024-05-31 00:00:00,Cancelled,Processing,Store,Regular," ₹ 62,50,000 ",0%
C0811,Karan Kaur,karan.kaur@gmail.com,7179984654,pune,maharashtra,Headphones,Electronics,7," ₹ 2,500 "," ₹ 17,500 ",2026-04-14 00:00:00,Refunded,Processing,Online,Regular," ₹ 4,37,50,000 ",0%
C0811,Rahul Kumar,rahul.kumar@gmail.com,8128189228,mumbai,maharashtra,Backpack,Accessories,8," ₹ 1,800 "," ₹ 14,400 ",2024-07-05 00:00:00,Cancelled,Cancelled,Online,Regular," ₹ 2,59,20,000 ",0%
C0813,Vikas Kumar,vikas.kumar@gmail.com,9808711981,bhopal,madhya pradesh,Mouse,Electronics,7, ₹ 800 ," ₹ 5,600 ",2025-03-04 00:00:00,Refunded,Returned,Marketplace,Regular," ₹ 44,80,000 ",0%
C0813,Nikhil Yadav,nikhil.yadav@gmail.com,7254542263,jaipur,rajasthan,Monitor,Electronics,5," ₹ 12,000 "," ₹ 60,000 ",2024-02-14 00:00:00,Paid,Processing,Marketplace,Regular," ₹ 72,00,00,000 ",5%
C0814,Pooja Kaur,pooja.kaur@gmail.com,Not Available,kolkata,west bengal,Smartphone,Electronics,2," ₹ 28,000 "," ₹ 56,000 ",2025-08-19 00:00:00,Paid,Returned,Marketplace,Regular," ₹ 1,56,80,00,000 ",10%
C0814,Arjun Gupta,arjun.gupta@gmail.com,7302546464,hyderabad,telangana,Mouse,Electronics,5, ₹ 800 ," ₹ 4,000 ",2025-02-21 00:00:00,Refunded,Cancelled,Marketplace,Regular," ₹ 32,00,000 ",0%
C0814,Meena Patel,meena.patel@gmail.com,9576828779,hyderabad,telangana,Desk,Furniture,2," ₹ 12,000 "," ₹ 24,000 ",2025-10-02 00:00:00,Refunded,Returned,Online,Regular," ₹ 28,80,00,000 ",2%
C0814,Vikas Gupta,vikas.gupta@gmail.com,8570267413,lucknow,uttar pradesh,Keyboard,Electronics,4," ₹ 1,500 "," ₹ 6,000 ",2025-08-09 00:00:00,Refunded,Returned,Online,Regular," ₹ 90,00,000 ",0%
C0815,Riya Shah,riya.shah@gmail.com,7935572425,delhi,delhi,Mouse,Electronics,8, ₹ 800 ," ₹ 6,400 ",2024-10-01 00:00:00,Cancelled,Processing,Store,Regular," ₹ 51,20,000 ",0%
C0816,Suresh Joshi,suresh.joshi@gmail.com,9518389281,indore,madhya pradesh,Laptop,Electronics,5," ₹ 55,000 "," ₹ 2,75,000 ",2024-06-14 00:00:00,Pending,Cancelled,Online,Gold," ₹ 15,12,50,00,000 ",99%
C0817,Priya Mishra,unknown,7583058549,jaipur,rajasthan,Keyboard,Electronics,8," ₹ 1,500 "," ₹ 12,500 ",2026-06-04 00:00:00,Cancelled,Cancelled,Store,Regular," ₹ 1,87,50,000 ",0%
C0818,Pooja Verma,pooja.verma@gmail.com,7719442108,surat,gujarat,USB Drive,Accessories,5, ₹ 900 ," ₹ 4,500 ",2026-01-14 00:00:00,Cancelled,Delivered,Marketplace,Regular," ₹ 40,50,000 ",0%
C0818,Amit Chauhan,amit.chauhan@gmail.com,7009357712,indore,madhya pradesh,Keyboard,Electronics,3," ₹ 1,500 "," ₹ 4,500 ",2024-11-23 00:00:00,Pending,Cancelled,Store,Regular," ₹ 67,50,000 ",0%
C0819,Pooja Singh,pooja.singh@gmail.com,7362490731,delhi,delhi,Smartphone,Electronics,3," ₹ 28,000 "," ₹ 84,000 ",2025-02-06 00:00:00,Refunded,Returned,Online,Regular," ₹ 2,35,20,00,000 ",15%
C0819,Isha Kaur,isha.kaur@gmail.com,8862804888,bhopal,madhya pradesh,USB Drive,Accessories,2, ₹ 900 ," ₹ 1,800 ",2024-05-01 00:00:00,Pending,Shipped,Online,Regular," ₹ 16,20,000 ",0%
C0821,Rohan Gupta,rohan.gupta@gmail.com,7508406998,chennai,tamil nadu,Pen Set,Stationery,7, ₹ 250 ," ₹ 2,250 ",2026-05-13 00:00:00,Cancelled, Returned ,Online,Regular," ₹ 5,62,500 ",0%
C0822,Kavita Shah,kavita.shah@gmail.com,8757970136,bhopal,madhya pradesh,Desk,Furniture,6," ₹ 12,000 "," ₹ 72,000 ",2024-01-31 00:00:00,Refunded,Shipped,Online,Regular," ₹ 86,40,00,000 ",6%
C0822,Meena Verma,meena.verma@gmail.com,7683749521,lucknow,uttar pradesh,USB Drive,Accessories,2, ₹ 900 ," ₹ 1,800 ",2025-01-26 00:00:00,paid,Cancelled,Online,Regular," ₹ 16,20,000 ",0%
C0824,Nikhil Joshi,nikhil.joshi@gmail.com,7215686308,bengaluru,karnataka,Mouse,Electronics,2, ₹ 800 ," ₹ 1,600 ",2025-04-12 00:00:00,Pending,Cancelled,Marketplace,Regular," ₹ 12,80,000 ",0%
C0824,Nikhil Sharma,nikhil.sharma@gmail.com,8721959126,ahmedabad,gujarat,Desk,Furniture,2," ₹ 12,000 "," ₹ 60,000 ",2026-03-03 00:00:00,Cancelled,Processing,Online,Regular," ₹ 72,00,00,000 ",5%
C0824,Nikhil Verma,nikhil.verma@gmail.com,7836429847,surat,gujarat,Pen Set,Stationery,4, ₹ 250 ," ₹ 1,000 ",2025-09-21 00:00:00,Pending,Delivered,Store,Regular," ₹ 2,50,000 ",0%
C0824,Pooja Shah,pooja.shah@gmail.com,9849524815,bengaluru,karnataka,Smartphone,Electronics,4," ₹ 28,000 "," ₹ 1,12,000 ",2025-02-28 00:00:00,Refunded,Processing,Marketplace,Regular," ₹ 3,13,60,00,000 ",21%
C0825,Suresh Verma,suresh.verma@gmail,8947957237,ahmedabad,gujarat,USB Drive,Accessories,1, ₹ 900 , ₹ 900 ,2024-06-10 00:00:00,Refunded,Cancelled,Store,Regular," ₹ 8,10,000 ",0%
C0825,Amit Joshi,amit.joshi@gmail.com,8322283789,pune,maharashtra,Office Chair,Furniture,5," ₹ 8,500 "," ₹ 42,500 ",2024-06-08 00:00:00,Cancelled,Delivered,Online,Regular," ₹ 36,12,50,000 ",2%
C0826,Kavita Desai,kavita.desai@gmail.com,8778948768,vadodara,gujarat,Pen Set,Stationery,2, ₹ 250 , ₹ 500 ,2024-05-27 00:00:00,Pending,Processing,Store,Regular," ₹ 1,25,000 ",0%
C0826,Priya Mishra,priya.mishra@gmail.com,Not Available,indore,madhya pradesh,Office Chair,Furniture,4," ₹ 8,500 "," ₹ 34,000 ",2024-08-16 00:00:00,Refunded,Returned,Store,Regular," ₹ 28,90,00,000 ",2%
C0827,Kavita Verma,kavita.verma@gmail.com,9249936731,ahmedabad,gujarat,Headphones,Electronics,2," ₹ 2,500 "," ₹ 5,000 ",2025-05-23 00:00:00,Refunded,Returned,Store,Regular," ₹ 1,25,00,000 ",0%
C0827,Sneha Desai,sneha.desai@gmail.com,7544998804,rajkot,gujarat,Keyboard,Electronics,5," ₹ 1,500 "," ₹ 7,500 ",2025-06-19 00:00:00,Refunded,Cancelled,Online,Regular," ₹ 1,12,50,000 ",0%
C0828,Rahul Desai,rahul.desai@gmail.com,7969064866,kolkata,west bengal,Office Chair,Furniture,2," ₹ 8,500 "," ₹ 17,000 ",2024-09-12 00:00:00,Pending,Shipped,Store,Regular," ₹ 14,45,00,000 ",1%
C0828,Arjun Mehta,unknown,7803982387,rajkot,gujarat,Keyboard,Electronics,2," ₹ 1,500 "," ₹ 3,000 ",2026-02-03 00:00:00,Cancelled,Delivered,Store,Regular," ₹ 45,00,000 ",0%
C0830,Neha Sharma,neha.sharma@gmail.com,8473508573,chennai,tamil nadu,Monitor,Electronics,3," ₹ 12,000 "," ₹ 36,000 ",2026-01-28 00:00:00,Pending,Returned,Online,Regular," ₹ 43,20,00,000 ",3%
C0830,Vikas Kumar,vikas.kumar@gmail.com,7904576318,indore,madhya pradesh,USB Drive,Accessories,4, ₹ 900 ," ₹ 3,600 ",2025-12-18 00:00:00,Paid,Shipped,Store,Regular," ₹ 32,40,000 ",0%
C0831,Suresh Mehta,suresh.mehta@gmail.com,7518842513,chennai,tamil nadu,Pen Set,Stationery,3, ₹ 250 , ₹ 750 ,2024-11-25 00:00:00,Pending,Delivered,Marketplace,Regular," ₹ 1,87,500 ",0%
C0832,Arjun Patel,arjun.patel@gmail.com,8883652701,chennai,tamil nadu,Desk,Furniture,3," ₹ 12,000 "," ₹ 36,000 ",2024-05-23 00:00:00,Cancelled,Cancelled,Online,Regular," ₹ 43,20,00,000 ",3%
C0833,Kavita Chauhan,kavita.chauhan@gmail.com,7769945233,ahmedabad,gujarat,Monitor,Electronics,3," ₹ 12,000 "," ₹ 36,000 ",2024-09-03 00:00:00,Pending,Returned,Marketplace,Regular," ₹ 43,20,00,000 ",3%
C0835,Neha Kumar,neha.kumar@gmail.com,8767792297,bhopal,madhya pradesh,Laptop,Electronics,5," ₹ 55,000 "," ₹ 2,75,000 ",2026-06-06 00:00:00,Pending,Shipped,Online,Gold," ₹ 15,12,50,00,000 ",99%
C0838,Karan Desai,unknown,9881365834,lucknow,uttar pradesh,Notebook,Stationery,2, ₹ 120 , ₹ 240 ,2026-02-12 00:00:00,Refunded,Returned,Online,Regular," ₹ 28,800 ",0%
C0838,Neha Patel,neha.patel@gmail.com,9135215050,hyderabad,telangana,Pen Set,Stationery,4, ₹ 250 ," ₹ 1,000 ",2024-03-05 00:00:00,Pending,Cancelled,Store,Regular," ₹ 2,50,000 ",0%
C0839,Rohan Kaur,rohan.kaur@gmail.com,7074643958,jaipur,rajasthan,Smartphone,Electronics,5," ₹ 28,000 "," ₹ 1,40,000 ",2025-12-08 00:00:00,Cancelled,Shipped,Store,Regular," ₹ 3,92,00,00,000 ",26%
C0839,Rohan Singh,rohan.singh@gmail.com,7441542090,vadodara,gujarat,Headphones,Electronics,4," ₹ 2,500 "," ₹ 10,000 ",2024-06-26 00:00:00,Pending,Delivered,Online,Regular," ₹ 2,50,00,000 ",0%
C0841,Suresh Patel,suresh.patel@gmail.com,8191198671,hyderabad,telangana,Notebook,Stationery,8, ₹ 120 , ₹ 960 ,2024-06-23 00:00:00,Pending, Returned ,Marketplace,Regular," ₹ 1,15,200 ",0%
C0841,Riya Sharma,unknown,7663839732,indore,madhya pradesh,Monitor,Electronics,5," ₹ 12,000 "," ₹ 60,000 ",2025-01-19 00:00:00,Pending,Returned,Store,Regular," ₹ 72,00,00,000 ",5%
C0842,Rohan Reddy,rohan.reddy@gmail.com,9130081627,lucknow,uttar pradesh,Office Chair,Furniture,7," ₹ 8,500 "," ₹ 59,500 ",2024-08-31 00:00:00,Refunded,Shipped,Online,Regular," ₹ 50,57,50,000 ",3%
C0842,Priya Chauhan,priya.chauhan@gmail.com,Not Available,delhi,delhi,Headphones,Electronics,2," ₹ 2,500 "," ₹ 5,000 ",2024-08-04 00:00:00,Cancelled,Shipped,Marketplace,Regular," ₹ 1,25,00,000 ",0%
C0844,Pooja Desai,pooja.desai@gmail.com,9908503113,rajkot,gujarat,Office Chair,Furniture,3," ₹ 8,500 "," ₹ 25,400 ",2025-02-22 00:00:00,Pending,Delivered,Store,Regular," ₹ 21,59,00,000 ",1%
C0844,Mohit Verma,mohit.verma@gmail.com,9739872850,bengaluru,karnataka,Pen Set,Stationery,7, ₹ 250 ," ₹ 1,750 ",2025-08-02 00:00:00,Paid,Returned,Online,Regular," ₹ 4,37,500 ",0%
C0844,Vikas Sharma,vikas.sharma@gmail.com,7646419523,bhopal,madhya pradesh,Desk,Furniture,3," ₹ 12,000 "," ₹ 36,000 ",2025-05-26 00:00:00,Cancelled,Delivered,Marketplace,Regular," ₹ 43,20,00,000 ",3%
C0844,Mohit Kaur,mohit.kaur@gmail.com,8297896903,chennai,tamil nadu,Office Chair,Furniture,2," ₹ 8,500 "," ₹ 17,000 ",2024-05-23 00:00:00,Paid,Delivered,Store,Regular," ₹ 14,45,00,000 ",1%
C0844,Simran Shah,simran.shah@gmail.com,8070025912,vadodara,gujarat,Pen Set,Stationery,7, ₹ 250 ," ₹ 1,750 ",2025-04-13 00:00:00,Refunded,Shipped,Marketplace,Regular," ₹ 4,37,500 ",0%
C0846,Aditya Reddy,aditya.reddy@gmail.com,7409585493,hyderabad,telangana,Backpack,Accessories,5," ₹ 1,800 "," ₹ 9,000 ",2024-02-08 00:00:00,Refunded, Delivered ,Online,Regular," ₹ 1,62,00,000 ",0%
C0848,Riya Verma,riya.verma@gmail,9413849014,kolkata,west bengal,Headphones,Electronics,3," ₹ 2,500 "," ₹ 7,500 ",2024-04-21 00:00:00,Pending,Shipped,Online,Regular," ₹ 1,87,50,000 ",0%
C0848,Isha Mehta,isha.mehta@gmail.com,8661083050,vadodara,gujarat,USB Drive,Accessories,1, ₹ 900 , ₹ 900 ,2024-05-07 00:00:00,Refunded,Processing,Online,Regular," ₹ 8,10,000 ",0%
C0850,Pooja Singh,pooja.singh@gmail.com,9255289131,mumbai,maharashtra,Keyboard,Electronics,2," ₹ 1,500 "," ₹ 3,000 ",2025-01-18 00:00:00,Paid,Shipped,Online,Regular," ₹ 45,00,000 ",0%
C0850,Suresh Verma,suresh.verma@gmail.com,7034780500,hyderabad,telangana,Backpack,Accessories,1," ₹ 1,800 "," ₹ 1,800 ",2025-09-12 00:00:00,Refunded,Processing,Online,Regular," ₹ 32,40,000 ",0%
C0851,Sneha Joshi,sneha.joshi@gmail.com,9698771618,mumbai,maharashtra,Pen Set,Stationery,1, ₹ 250 , ₹ 250 ,2024-12-03 00:00:00,Paid,Returned,Store,Regular," ₹ 62,500 ",0%
C0853,Kavita Mishra,kavita.mishra@gmail.com,8951188654,bengaluru,karnataka,USB Drive,Accessories,5, ₹ 900 ," ₹ 4,500 ",2025-08-08 00:00:00,Cancelled,Shipped,Store,Regular," ₹ 40,50,000 ",0%
C0853,Riya Reddy,riya.reddy@gmail.com,9004903816,vadodara,gujarat,Desk,Furniture,2," ₹ 12,000 "," ₹ 24,000 ",2025-08-05 00:00:00,Pending,Shipped,Online,Regular," ₹ 28,80,00,000 ",2%
C0855,Anjali Yadav,anjali.yadav@gmail.com,9373077218,vadodara,gujarat,Office Chair,Furniture,3," ₹ 8,500 "," ₹ 25,500 ",2024-02-12 00:00:00,Cancelled,Processing,Online,Regular," ₹ 21,67,50,000 ",1%
C0855,Mohit Sharma,mohit.sharma@gmail.com,Not Available,pune,maharashtra,Laptop,Electronics,6," ₹ 55,000 "," ₹ 3,30,000 ",2026-03-17 00:00:00,Paid,Cancelled,Online,Gold," ₹ 18,15,00,00,000 ",119%
C0855,Arjun Singh,arjun.singh@gmail.com,Not Available,vadodara,gujarat,Backpack,Accessories,1," ₹ 1,800 "," ₹ 1,800 ",2026-05-21 00:00:00,Refunded,Returned,Online,Regular," ₹ 32,40,000 ",0%
C0860,Vikas Chauhan,vikas.chauhan@gmail.com,7627276995,vadodara,gujarat,Laptop,Electronics,5," ₹ 55,000 "," ₹ 2,75,000 ",2026-04-29 00:00:00,Refunded,Shipped,Marketplace,Gold," ₹ 15,12,50,00,000 ",99%
C0860,Riya Kaur,unknown,9632445649,surat,gujarat,Laptop,Electronics,3," ₹ 55,000 "," ₹ 1,65,000 ",2025-01-06 00:00:00,Refunded,Cancelled,Online,Gold," ₹ 9,07,50,00,000 ",60%
C0860,Neha Joshi,neha.joshi@gmail.com,8437338886,mumbai,maharashtra,Smartphone,Electronics,6," ₹ 28,000 "," ₹ 1,68,000 ",2025-07-27 00:00:00,Cancelled,Processing,Online,Regular," ₹ 4,70,40,00,000 ",31%
C0861,Suresh Reddy,suresh.reddy@gmail.com,9244473790,delhi,delhi,Notebook,Stationery,8, ₹ 120 , ₹ 960 ,2025-08-09 00:00:00,Pending,Cancelled,Store,Regular," ₹ 1,15,200 ",0%
C0862,Neha Patel,neha.patel@gmail.com,9622389093,hyderabad,telangana,Monitor,Electronics,1," ₹ 12,000 "," ₹ 12,000 ",2025-03-06 00:00:00,Paid,Shipped,Marketplace,Regular," ₹ 14,40,00,000 ",1%
C0863,Karan Yadav,karan.yadav@gmail.com,9191843886,mumbai,maharashtra,Laptop,Electronics,3," ₹ 55,000 "," ₹ 1,65,000 ",2026-01-26 00:00:00,Paid,Processing,Online,Gold," ₹ 9,07,50,00,000 ",60%
C0863,Rohan Singh,rohan.singh@gmail.com,7480745842,hyderabad,telangana,USB Drive,Accessories,2, ₹ 900 ," ₹ 1,800 ",2025-06-18 00:00:00,Cancelled,Cancelled,Online,Regular," ₹ 16,20,000 ",0%
C0864,Anjali Reddy,unknown,8792012815,vadodara,gujarat,Headphones,Electronics,3," ₹ 2,500 "," ₹ 7,500 ",2024-05-17 00:00:00,Paid,Delivered,Marketplace,Regular," ₹ 1,87,50,000 ",0%
C0864,Suresh Sharma,suresh.sharma@gmail.com,Not Available,delhi,delhi,USB Drive,Accessories,5, ₹ 900 ," ₹ 4,500 ",2024-11-17 00:00:00,Refunded,Cancelled,Marketplace,Regular," ₹ 40,50,000 ",0%
C0864,Rohan Sharma,rohan.sharma@gmail.com,Not Available,lucknow,uttar pradesh,Office Chair,Furniture,2," ₹ 8,500 "," ₹ 17,000 ",2025-07-10 00:00:00,Refunded,Shipped,Online,Regular," ₹ 14,45,00,000 ",1%
C0864,Sneha Reddy,sneha.reddy@gmail.com,9990082548,chennai,tamil nadu,Monitor,Electronics,4," ₹ 12,000 "," ₹ 48,000 ",2024-05-17 00:00:00,Cancelled,Cancelled,Store,Regular," ₹ 57,60,00,000 ",4%
C0864,Riya Patel,riya.patel@gmail.com,8257706935,jaipur,rajasthan,Keyboard,Electronics,2," ₹ 1,500 "," ₹ 3,000 ",2025-12-12 00:00:00,Cancelled,Processing,Marketplace,Regular," ₹ 45,00,000 ",0%
C0865,Neha Singh,unknown,8871216424,hyderabad,telangana,Office Chair,Furniture,2," ₹ 8,500 "," ₹ 17,000 ",2025-02-09 00:00:00,Cancelled,Processing,Online,Regular," ₹ 14,45,00,000 ",1%
C0865,Anjali Kaur,anjali.kaur@gmail.com,7893234908,delhi,delhi,Monitor,Electronics,8," ₹ 12,000 "," ₹ 96,000 ",2026-03-25 00:00:00,Paid,Cancelled,Online,Regular," ₹ 1,15,20,00,000 ",8%
C0866,Kavita Mishra,kavita.mishra@gmail,8216542443,kolkata,west bengal,Pen Set,Stationery,2, ₹ 250 , ₹ 500 ,2024-03-30 00:00:00,Paid,Delivered,Marketplace,Regular," ₹ 1,25,000 ",0%
C0866,Simran Reddy,simran.reddy@gmail.com,9824433548,bhopal,madhya pradesh,Notebook,Stationery,3, ₹ 120 , ₹ 360 ,2024-10-27 00:00:00,Paid,Cancelled,Online,Regular," ₹ 43,200 ",0%
C0866,Kavita Mishra,kavita.mishra@gmail,8216542443,kolkata,west bengal,Pen Set,Stationery,2, ₹ 250 , ₹ 500 ,2024-03-30 00:00:00,Paid,Delivered,Marketplace,Regular," ₹ 1,25,000 ",0%
C0866,Vikas Mishra,vikas.mishra@gmail.com,8492180259,kolkata,west bengal,Monitor,Electronics,5," ₹ 12,000 "," ₹ 60,000 ",2024-11-03 00:00:00,Pending,Shipped,Store,Regular," ₹ 72,00,00,000 ",5%
C0867,Suresh Mehta,suresh.mehta@gmail.com,7746087503,vadodara,gujarat,Mouse,Electronics,6, ₹ 800 ," ₹ 4,800 ",2026-04-05 00:00:00,Cancelled,Returned,Online,Regular," ₹ 38,40,000 ",0%
C0868,Anjali Yadav,anjali.yadav@gmail.com,8136108454,lucknow,uttar pradesh,Laptop,Electronics,8," ₹ 55,000 "," ₹ 4,40,000 ",2025-07-03 00:00:00,Paid,Cancelled,Online,Gold," ₹ 24,20,00,00,000 ",159%
C0868,Suresh Shah,suresh.shah@gmail,9946766309,ahmedabad,gujarat,Desk,Furniture,8," ₹ 12,000 "," ₹ 96,000 ",2024-03-16 00:00:00,Paid,Processing,Marketplace,Regular," ₹ 1,15,20,00,000 ",8%
C0868,Kavita Shah,kavita.shah@gmail.com,9129029086,kolkata,west bengal,Pen Set,Stationery,5, ₹ 250 ," ₹ 1,250 ",2024-07-02 00:00:00,Refunded,Cancelled,Store,Regular," ₹ 3,12,500 ",0%
C0872,Sneha Mehta,sneha.mehta@gmail.com,9998458008,hyderabad,telangana,Keyboard,Electronics,8," ₹ 1,500 "," ₹ 12,000 ",2025-11-20 00:00:00,Paid,Shipped,Store,Regular," ₹ 1,80,00,000 ",0%
C0872,Nikhil Yadav,nikhil.yadav@gmail.com,9100198814,rajkot,gujarat,USB Drive,Accessories,2, ₹ 900 ," ₹ 1,800 ",2026-03-14 00:00:00,Refunded,Returned,Online,Regular," ₹ 16,20,000 ",0%
C0873,Neha Patel,neha.patel@gmail.com,7676952884,lucknow,uttar pradesh,Backpack,Accessories,5," ₹ 1,800 "," ₹ 9,000 ",2026-04-26 00:00:00,paid,Shipped,Store,Regular," ₹ 1,62,00,000 ",0%
C0873,Neha Patel,neha.patel@gmail.com,7676952884,lucknow,uttar pradesh,Backpack,Accessories,5," ₹ 1,800 "," ₹ 9,000 ",2026-04-26 00:00:00,paid,Shipped,Store,Regular," ₹ 1,62,00,000 ",0%
C0873,Karan Kumar,karan.kumar@gmail.com,8668607252,lucknow,uttar pradesh,Office Chair,Furniture,5," ₹ 8,500 "," ₹ 42,500 ",2025-10-24 00:00:00,Pending, Delivered ,Store,Regular," ₹ 36,12,50,000 ",2%
C0873,Anjali Reddy,anjali.reddy@gmail.com,7463390201,surat,gujarat,Headphones,Electronics,7," ₹ 2,500 "," ₹ 17,500 ",2024-08-24 00:00:00,Refunded,Returned,Marketplace,Regular," ₹ 4,37,50,000 ",0%
C0873,Suresh Joshi,suresh.joshi@gmail.com,Not Available,vadodara,gujarat,Keyboard,Electronics,4, ₹ -   ," ₹ 6,000 ",2024-08-19 00:00:00,Paid,Cancelled,Online,Regular, ₹ -   ,0%
C0873,Mohit Mehta,mohit.mehta@gmail.com,7621485146,indore,madhya pradesh,Headphones,Electronics,4," ₹ 2,500 "," ₹ 10,000 ",2025-05-26 00:00:00,Refunded,Shipped,Marketplace,Regular," ₹ 2,50,00,000 ",0%
C0874,Sneha Patel,sneha.patel@gmail.com,8018790736,delhi,delhi,Pen Set,Stationery,6, ₹ 250 ," ₹ 1,500 ",2025-08-11 00:00:00,Cancelled,Processing,Online,Regular," ₹ 3,75,000 ",0%
C0874,Amit Kumar,amit.kumar@gmail.com,7586795774,mumbai,maharashtra,Monitor,Electronics,8," ₹ 12,000 "," ₹ 96,000 ",2025-09-24 00:00:00,Refunded,Processing,Marketplace,Regular," ₹ 1,15,20,00,000 ",8%
C0875,Amit Singh,amit.singh@gmail.com,8667405065,indore,madhya pradesh,Desk,Furniture,2," ₹ 12,000 "," ₹ 24,000 ",2024-12-23 00:00:00,Refunded,Cancelled,Marketplace,Regular," ₹ 28,80,00,000 ",2%
C0875,Suresh Verma,suresh.verma@gmail.com,8935866295,vadodara,gujarat,Pen Set,Stationery,3, ₹ 250 , ₹ 750 ,2025-08-12 00:00:00,Pending,Delivered,Marketplace,Regular," ₹ 1,87,500 ",0%
C0876,Nikhil Chauhan,nikhil.chauhan@gmail.com,9632627835,rajkot,gujarat,Notebook,Stationery,2, ₹ 120 , ₹ 240 ,2024-04-11 00:00:00,Paid,Returned,Online,Regular," ₹ 28,800 ",0%
C0877,Isha Kumar,isha.kumar@gmail.com,8614729199,chennai,tamil nadu,Backpack,Accessories,3," ₹ 1,800 "," ₹ 5,400 ",2024-04-23 00:00:00,Pending,Processing,Store,Regular," ₹ 97,20,000 ",0%
C0877,Aditya Patel,aditya.patel@gmail.com,9913352779,lucknow,uttar pradesh,Keyboard,Electronics,7," ₹ 1,500 "," ₹ 10,500 ",2025-03-13 00:00:00,Pending,Delivered,Online,Regular," ₹ 1,57,50,000 ",0%
C0878,Rohan Desai,rohan.desai@gmail.com,7973129790,mumbai,maharashtra,Keyboard,Electronics,4," ₹ 1,500 "," ₹ 6,000 ",2024-05-13 00:00:00,Paid,Cancelled,Marketplace,Regular," ₹ 90,00,000 ",0%
C0878,Isha Kaur,isha.kaur@gmail.com,9923089394,vadodara,gujarat,Desk,Furniture,6," ₹ 12,000 "," ₹ 72,000 ",2025-08-06 00:00:00,Cancelled, Processing ,Online,Regular," ₹ 86,40,00,000 ",6%
C0879,Neha Kaur,neha.kaur@gmail.com,9268426402,bhopal,madhya pradesh,Laptop,Electronics,4," ₹ 55,000 "," ₹ 2,20,000 ",2024-08-04 00:00:00,Refunded,Processing,Online,Gold," ₹ 12,10,00,00,000 ",80%
C0879,Vikas Desai,vikas.desai@gmail.com,7135842149,mumbai,maharashtra,Office Chair,Furniture,2," ₹ 8,500 "," ₹ 17,000 ",2025-05-23 00:00:00,Pending,Processing,Store,Regular," ₹ 14,45,00,000 ",1%
C0880,Priya Shah,priya.shah@gmail.com,8476678923,rajkot,gujarat,Mouse,Electronics,4, ₹ 800 ," ₹ 3,200 ",2026-03-15 00:00:00,Paid,Processing,Online,Regular," ₹ 25,60,000 ",0%
C0881,Mohit Patel,mohit.patel@gmail.com,9952295757,rajkot,gujarat,Headphones,Electronics,4," ₹ 2,500 "," ₹ 10,000 ",2025-03-11 00:00:00,Paid,Returned,Online,Regular," ₹ 2,50,00,000 ",0%
C0881,Kavita Desai,kavita.desai@gmail.com,7567687951,jaipur,rajasthan,Monitor,Electronics,4," ₹ 12,000 "," ₹ 48,000 ",2025-01-27 00:00:00,Paid,Delivered,Online,Regular," ₹ 57,60,00,000 ",4%
C0881,Amit Mishra,amit.mishra@gmail.com,7874275114,indore,madhya pradesh,Office Chair,Furniture,5," ₹ 8,500 "," ₹ 42,500 ",2026-04-23 00:00:00,Cancelled,Shipped,Store,Regular," ₹ 36,12,50,000 ",2%
C0881,Suresh Reddy,suresh.reddy@gmail.com,9393639475,pune,maharashtra,Monitor,Electronics,7," ₹ 12,000 "," ₹ 84,000 ",2024-01-15 00:00:00,Cancelled,Returned,Online,Regular," ₹ 1,00,80,00,000 ",7%
C0882,Pooja Kaur,pooja.kaur@gmail.com,7704994153,jaipur,rajasthan,Office Chair,Furniture,3," ₹ 8,500 "," ₹ 25,500 ",2024-11-15 00:00:00,Refunded,Cancelled,Online,Regular," ₹ 21,67,50,000 ",1%
C0882,Aditya Shah,aditya.shah@gmail.com,8569434583,bengaluru,karnataka,Backpack,Accessories,3," ₹ 1,800 "," ₹ 5,400 ",2026-02-20 00:00:00,Refunded,Delivered,Online,Regular," ₹ 97,20,000 ",0%
C0882,Isha Verma,unknown,8561003053,delhi,delhi,Keyboard,Electronics,6," ₹ 1,500 "," ₹ 9,000 ",2026-03-18 00:00:00,Cancelled,Cancelled,Store,Regular," ₹ 1,35,00,000 ",0%
C0882,Neha Kumar,neha.kumar@gmail.com,9694860228,vadodara,gujarat,Backpack,Accessories,7," ₹ 1,800 "," ₹ 12,600 ",2025-09-02 00:00:00,Paid,Cancelled,Store,Regular," ₹ 2,26,80,000 ",0%
C0883,Karan Yadav,karan.yadav@gmail.com,9033619742,indore,madhya pradesh,Desk,Furniture,5," ₹ 12,000 "," ₹ 60,000 ",2024-01-15 00:00:00,Refunded,Shipped,Online,Regular," ₹ 72,00,00,000 ",5%
C0883,Sneha Joshi,sneha.joshi@gmail.com,8113219231,lucknow,uttar pradesh,Mouse,Electronics,5, ₹ 800 ," ₹ 4,000 ",2026-02-23 00:00:00,Refunded,Shipped,Store,Regular," ₹ 32,00,000 ",0%
C0883,Arjun Verma,arjun.verma@gmail.com,9122436090,delhi,delhi,Keyboard,Electronics,7," ₹ 1,500 "," ₹ 10,500 ",2026-05-26 00:00:00,Pending,Returned,Online,Regular," ₹ 1,57,50,000 ",0%
C0883,Rahul Joshi,rahul.joshi@gmail.com,7499368558,mumbai,maharashtra,Monitor,Electronics,7," ₹ 12,000 "," ₹ 84,000 ",2025-10-10 00:00:00,Pending,Shipped,Store,Regular," ₹ 1,00,80,00,000 ",7%
C0884,Simran Chauhan,simran.chauhan@gmail.com,7347082594,jaipur,rajasthan,Smartphone,Electronics,3," ₹ 28,000 "," ₹ 84,000 ",2024-11-16 00:00:00,paid,Delivered,Store,Regular," ₹ 2,35,20,00,000 ",15%
C0885,Sneha Joshi,sneha.joshi@gmail.com,9321791292,bhopal,madhya pradesh,Headphones,Electronics,8," ₹ 2,500 "," ₹ 20,000 ",2024-05-18 00:00:00,Pending,Returned,Marketplace,Regular," ₹ 5,00,00,000 ",0%
C0885,Amit Yadav,amit.yadav@gmail.com,9551553388,bengaluru,karnataka,Office Chair,Furniture,8," ₹ 8,500 "," ₹ 68,000 ",2025-08-17 00:00:00,Paid,Cancelled,Marketplace,Regular," ₹ 57,80,00,000 ",4%
C0887,Rahul Singh,rahul.singh@gmail.com,8854203954,kolkata,west bengal,Pen Set,Stationery,7, ₹ 250 ," ₹ 1,750 ",2025-10-02 00:00:00,Cancelled,Cancelled,Store,Regular," ₹ 4,37,500 ",0%
C0888,Aditya Yadav,aditya.yadav@gmail.com,9665691647,ahmedabad,gujarat,Desk,Furniture,4," ₹ 12,000 "," ₹ 48,000 ",2025-05-27 00:00:00,Paid,Cancelled,Marketplace,Regular," ₹ 57,60,00,000 ",4%
C0889,Nikhil Mehta,unknown,7283965102,bhopal,madhya pradesh,Pen Set,Stationery,7, ₹ 250 ," ₹ 1,750 ",2024-03-31 00:00:00,Paid,Cancelled,Marketplace,Regular," ₹ 4,37,500 ",0%
C0889,Anjali Reddy,unknown,7241402174,bengaluru,karnataka,Keyboard,Electronics,2," ₹ 1,500 "," ₹ 3,000 ",2024-11-14 00:00:00,Refunded,Shipped,Marketplace,Regular," ₹ 45,00,000 ",0%
C0891,Vikas Verma,vikas.verma@gmail.com,7065857791,rajkot,gujarat,Mouse,Electronics,2, ₹ 800 ," ₹ 1,500 ",2026-03-02 00:00:00,Refunded,Shipped,Marketplace,Regular," ₹ 12,00,000 ",0%
C0892,Kavita Sharma,kavita.sharma@gmail.com,8240353129,bhopal,madhya pradesh,Desk,Furniture,7," ₹ 12,000 "," ₹ 84,000 ",2025-11-25 00:00:00,Cancelled,Returned,Marketplace,Regular," ₹ 1,00,80,00,000 ",7%
C0892,Pooja Reddy,pooja.reddy@gmail.com,9744267175,bengaluru,karnataka,Pen Set,Stationery,4, ₹ 250 ," ₹ 1,000 ",2024-06-05 00:00:00,Cancelled,Shipped,Marketplace,Regular," ₹ 2,50,000 ",0%
C0893,Meena Reddy,meena.reddy@gmail.com,9231752989,chennai,tamil nadu,Smartphone,Electronics,7, ₹ -   ," ₹ 1,96,000 ",2025-08-15 00:00:00,Cancelled,Processing,Store,Regular, ₹ -   ,0%
C0895,Nikhil Verma,unknown,8405905813,vadodara,gujarat,Monitor,Electronics,3," ₹ 12,000 "," ₹ 36,000 ",2024-07-29 00:00:00,Paid,Cancelled,Store,Regular," ₹ 43,20,00,000 ",3%
C0896,Riya Kumar,riya.kumar@gmail.com,7529290976,surat,gujarat,Laptop,Electronics,7," ₹ 55,000 "," ₹ 3,85,000 ",2025-07-04 00:00:00,Paid,Processing,Online,Gold," ₹ 21,17,50,00,000 ",139%
C0896,Riya Patel,riya.patel@gmail.com,7926403640,kolkata,west bengal,Desk,Furniture,7," ₹ 12,000 "," ₹ 84,000 ",2026-04-02 00:00:00,Refunded,Processing,Online,Regular," ₹ 1,00,80,00,000 ",7%
C0899,Anjali Verma,anjali.verma@gmail.com,7553753599,ahmedabad,gujarat,Office Chair,Furniture,5," ₹ 8,500 "," ₹ 42,500 ",2024-06-20 00:00:00,Paid,Delivered,Store,Regular," ₹ 36,12,50,000 ",2%
C0899,Kavita Verma,kavita.verma@gmail.com,8645159179,chennai,tamil nadu,Desk,Furniture,8," ₹ 12,000 "," ₹ 96,000 ",2024-02-08 00:00:00,Pending,Processing,Store,Regular," ₹ 1,15,20,00,000 ",8%
C0899,Arjun Kumar,arjun.kumar@gmail.com,9493613917,mumbai,maharashtra,Laptop,Electronics,2," ₹ 55,000 "," ₹ 1,10,000 ",2025-09-02 00:00:00,Refunded,Processing,Marketplace,Gold," ₹ 6,05,00,00,000 ",40%
C0901,Sneha Patel,sneha.patel@gmail.com,7027271239,surat,gujarat,Keyboard,Electronics,2," ₹ 1,500 "," ₹ 3,000 ",2025-12-24 00:00:00,Cancelled,Cancelled,Marketplace,Regular," ₹ 45,00,000 ",0%
C0901,Aditya Sharma,aditya.sharma@gmail.com,7746196273,rajkot,gujarat,Mouse,Electronics,1, ₹ 800 , ₹ 800 ,2024-09-12 00:00:00,Paid,Cancelled,Online,Regular," ₹ 6,40,000 ",0%
C0902,Kavita Shah,kavita.shah@gmail.com,8302870199,jaipur,rajasthan,USB Drive,Accessories,5, ₹ 900 ," ₹ 4,500 ",2024-06-04 00:00:00,Pending,Delivered,Online,Regular," ₹ 40,50,000 ",0%
C0903,Arjun Mehta,arjun.mehta@gmail.com,9907383020,vadodara,gujarat,Keyboard,Electronics,1," ₹ 1,500 "," ₹ 1,500 ",2026-04-06 00:00:00,Paid,Processing,Store,Regular," ₹ 22,50,000 ",0%
C0903,Mohit Singh,mohit.singh@gmail,8995907669,hyderabad,telangana,Pen Set,Stationery,7, ₹ 250 ," ₹ 1,750 ",2024-12-10 00:00:00,Paid,Cancelled,Store,Regular," ₹ 4,37,500 ",0%
C0904,Riya Shah,unknown,8695447268,rajkot,gujarat,Keyboard,Electronics,7," ₹ 1,500 "," ₹ 10,500 ",2026-04-28 00:00:00,Refunded,Shipped,Store,Regular," ₹ 1,57,50,000 ",0%
C0904,Nikhil Kaur,nikhil.kaur@gmail.com,7966662179,vadodara,gujarat,Monitor,Electronics,6," ₹ 12,000 "," ₹ 72,000 ",2026-05-09 00:00:00,Pending,Returned,Store,Regular," ₹ 86,40,00,000 ",6%
C0907,Amit Desai,amit.desai@gmail.com,7994585896,bhopal,madhya pradesh,Mouse,Electronics,3, ₹ 800 ," ₹ 2,400 ",2026-02-26 00:00:00,Pending,Returned,Marketplace,Regular," ₹ 19,20,000 ",0%
C0908,Amit Desai,amit.desai@gmail.com,7323840346,bhopal,madhya pradesh,Laptop,Electronics,1," ₹ 55,000 "," ₹ 55,000 ",2026-04-12 00:00:00,Refunded,Returned,Online,Gold," ₹ 3,02,50,00,000 ",20%
C0908,Riya Reddy,riya.reddy@gmail.com,8307057438,kolkata,west bengal,USB Drive,Accessories,6, ₹ 900 ," ₹ 5,400 ",2024-12-18 00:00:00,Paid,Processing,Marketplace,Regular," ₹ 48,60,000 ",0%
C0909,Priya Reddy,priya.reddy@gmail.com,9863432302,rajkot,gujarat,Monitor,Electronics,4," ₹ 12,000 "," ₹ 48,100 ",2025-10-10 00:00:00,Refunded,Processing,Online,Regular," ₹ 57,72,00,000 ",4%
C0911,Suresh Desai,suresh.desai@gmail.com,8888654461,bhopal,madhya pradesh,Office Chair,Furniture,6," ₹ 8,500 "," ₹ 51,000 ",2024-07-10 00:00:00,Refunded,Cancelled,Store,Regular," ₹ 43,35,00,000 ",3%
C0912,Riya Yadav,riya.yadav@gmail.com,8111065867,rajkot,gujarat,Headphones,Electronics,7," ₹ 2,500 "," ₹ 17,500 ",2025-06-01 00:00:00,Paid,Delivered,Store,Regular," ₹ 4,37,50,000 ",0%
C0912,Isha Gupta,isha.gupta@gmail.com,8469072661,vadodara,gujarat,USB Drive,Accessories,5, ₹ 900 ," ₹ 4,500 ",2024-01-30 00:00:00,Paid,Shipped,Online,Regular," ₹ 40,50,000 ",0%
C0912,Rahul Gupta,rahul.gupta@gmail.com,8203423402,rajkot,gujarat,Keyboard,Electronics,6," ₹ 1,500 "," ₹ 9,000 ",2025-02-06 00:00:00,Pending,Delivered,Marketplace,Regular," ₹ 1,35,00,000 ",0%
C0912,Riya Yadav,riya.yadav@gmail.com,8111065867,rajkot,gujarat,Headphones,Electronics,7," ₹ 2,500 "," ₹ 17,500 ",2025-06-01 00:00:00,Paid,Delivered,Store,Regular," ₹ 4,37,50,000 ",0%
C0914,Vikas Chauhan,vikas.chauhan@gmail.com,9280772748,rajkot,gujarat,Laptop,Electronics,1," ₹ 55,000 "," ₹ 55,000 ",2025-10-03 00:00:00,Pending,Shipped,Marketplace,Gold," ₹ 3,02,50,00,000 ",20%
C0914,Riya Sharma,riya.sharma@gmail.com,9493172294,vadodara,gujarat,Headphones,Electronics,3," ₹ 2,500 "," ₹ 7,500 ",2025-05-30 00:00:00,Refunded,Processing,Store,Regular," ₹ 1,87,50,000 ",0%
C0914,Mohit Patel,mohit.patel@gmail.com,7344329261,delhi,delhi,Keyboard,Electronics,5," ₹ 1,500 "," ₹ 7,500 ",2024-03-19 00:00:00,Paid,Shipped,Store,Regular," ₹ 1,12,50,000 ",0%
C0916,Isha Kaur,isha.kaur@gmail.com,8828385501,hyderabad,telangana,Keyboard,Electronics,8," ₹ 1,500 "," ₹ 12,000 ",2025-06-05 00:00:00,Refunded,Returned,Store,Regular," ₹ 1,80,00,000 ",0%
C0917,Riya Yadav,riya.yadav@gmail.com,9740963777,bhopal,madhya pradesh,Monitor,Electronics,2," ₹ 12,000 "," ₹ 24,000 ",2026-02-26 00:00:00,Pending,Processing,Online,Regular," ₹ 28,80,00,000 ",2%
C0917,Arjun Patel,arjun.patel@gmail.com,9756795104,bengaluru,karnataka,Office Chair,Furniture,3," ₹ 8,500 "," ₹ 25,500 ",2025-01-14 00:00:00,Refunded,Processing,Online,Regular," ₹ 21,67,50,000 ",1%
C0918,Arjun Reddy,arjun.reddy@gmail.com,8638862478,indore,madhya pradesh,Laptop,Electronics,2," ₹ 55,000 "," ₹ 1,10,000 ",2026-02-25 00:00:00,Pending,Cancelled,Store,Gold," ₹ 6,05,00,00,000 ",40%
C0920,Neha Kumar,neha.kumar@gmail,9573126110,kolkata,west bengal,Keyboard,Electronics,1," ₹ 1,500 "," ₹ 1,500 ",2025-07-22 00:00:00,Refunded,Processing,Online,Regular," ₹ 22,50,000 ",0%
C0920,Arjun Gupta,arjun.gupta@gmail.com,9921551603,delhi,delhi,Headphones,Electronics,1," ₹ 2,500 "," ₹ 2,500 ",2024-03-05 00:00:00,Cancelled,Processing,Store,Regular," ₹ 62,50,000 ",0%
C0921,Anjali Singh,anjali.singh@gmail.com,9929454134,rajkot,gujarat,Backpack,Accessories,2," ₹ 1,800 "," ₹ 3,600 ",2024-12-28 00:00:00,Refunded,Returned,Marketplace,Regular," ₹ 64,80,000 ",0%
C0922,Suresh Mehta,suresh.mehta@gmail.com,9323553486,surat,gujarat,Backpack,Accessories,8," ₹ 1,800 "," ₹ 14,400 ",2026-01-23 00:00:00,Cancelled,Delivered,Online,Regular," ₹ 2,59,20,000 ",0%
C0922,Kavita Sharma,kavita.sharma@gmail.com,7066701133,surat,gujarat,Keyboard,Electronics,6," ₹ 1,500 "," ₹ 9,000 ",2026-05-10 00:00:00,Cancelled,Processing,Online,Regular," ₹ 1,35,00,000 ",0%
C0922,Vikas Chauhan,vikas.chauhan@gmail.com,8620515349,jaipur,rajasthan,USB Drive,Accessories,3, ₹ 900 ," ₹ 2,700 ",2026-02-19 00:00:00,Pending,Returned,Marketplace,Regular," ₹ 24,30,000 ",0%
C0926,Vikas Gupta,vikas.gupta@gmail.com,7046314343,jaipur,rajasthan,Desk,Furniture,1," ₹ 12,000 "," ₹ 96,000 ",2025-08-10 00:00:00,Cancelled,Cancelled,Store,Regular," ₹ 1,15,20,00,000 ",8%
C0926,Karan Mehta,karan.mehta@gmail.com,9913305623,hyderabad,telangana,Desk,Furniture,8," ₹ 12,000 "," ₹ 96,000 ",2026-02-26 00:00:00,Cancelled,Cancelled,Marketplace,Regular," ₹ 1,15,20,00,000 ",8%
C0926,Karan Mehta,karan.mehta@gmail.com,9913305623,hyderabad,telangana,Desk,Furniture,8," ₹ 12,000 "," ₹ 96,000 ",2026-02-26 00:00:00,Cancelled,Cancelled,Marketplace,Regular," ₹ 1,15,20,00,000 ",8%
C0928,Priya Reddy,priya.reddy@gmail.com,8419179580,ahmedabad,gujarat,Notebook,Stationery,4, ₹ 120 , ₹ 480 ,2024-10-12 00:00:00,Refunded,Shipped,Marketplace,Regular," ₹ 57,600 ",0%
C0929,Priya Gupta,priya.gupta@gmail.com,8119338568,bengaluru,karnataka,Notebook,Stationery,8, ₹ 120 , ₹ 960 ,2025-10-31 00:00:00,Pending,Processing,Store,Regular," ₹ 1,15,200 ",0%
C0929,Mohit Mehta,mohit.mehta@gmail.com,9959863754,ahmedabad,gujarat,USB Drive,Accessories,8, ₹ 900 ," ₹ 7,200 ",2024-02-11 00:00:00,Pending,Returned,Online,Regular," ₹ 64,80,000 ",0%
C0933,Priya Reddy,priya.reddy@gmail.com,7533267960,bengaluru,karnataka,Keyboard,Electronics,5," ₹ 1,500 "," ₹ 7,500 ",2024-06-17 00:00:00,Pending,Processing,Marketplace,Regular," ₹ 1,12,50,000 ",0%
C0933,Anjali Yadav,anjali.yadav@gmail.com,9311592151,bengaluru,karnataka,Mouse,Electronics,2, ₹ 800 ," ₹ 1,600 ",2025-11-09 00:00:00,Paid,Shipped,Online,Regular," ₹ 12,80,000 ",0%
C0934,Suresh Verma,suresh.verma@gmail.com,7884300678,rajkot,gujarat,Headphones,Electronics,2," ₹ 2,500 "," ₹ 5,000 ",2025-04-10 00:00:00,Paid,Processing,Marketplace,Regular," ₹ 1,25,00,000 ",0%
C0935,Vikas Yadav,vikas.yadav@gmail.com,9832661238,indore,madhya pradesh,Keyboard,Electronics,3," ₹ 1,500 "," ₹ 4,500 ",2026-06-08 00:00:00,Pending,Shipped,Marketplace,Regular," ₹ 67,50,000 ",0%
C0936,Sneha Chauhan,sneha.chauhan@gmail.com,8267622868,kolkata,west bengal,Smartphone,Electronics,2," ₹ 28,000 "," ₹ 55,900 ",2025-04-24 00:00:00,Paid,Shipped,Online,Regular," ₹ 1,56,52,00,000 ",10%
C0937,Riya Kumar,riya.kumar@gmail.com,7295822679,bengaluru,karnataka,Keyboard,Electronics,8," ₹ 1,500 "," ₹ 12,000 ",2024-10-29 00:00:00,Cancelled,Returned,Store,Regular," ₹ 1,80,00,000 ",0%
C0937,Arjun Shah,arjun.shah@gmail.com,7751159774,bengaluru,karnataka,Desk,Furniture,3," ₹ 12,000 "," ₹ 36,000 ",2024-07-23 00:00:00,Pending,Cancelled,Store,Regular," ₹ 43,20,00,000 ",3%
C0938,Meena Verma,meena.verma@gmail.com,8708838608,pune,maharashtra,Headphones,Electronics,8," ₹ 2,500 "," ₹ 20,000 ",2026-04-04 00:00:00,Pending,Shipped,Store,Regular," ₹ 5,00,00,000 ",0%
C0938,Vikas Verma,vikas.verma@gmail.com,7334522402,hyderabad,telangana,Smartphone,Electronics,2," ₹ 28,000 "," ₹ 56,000 ",2025-05-29 00:00:00,Paid,Shipped,Online,Regular," ₹ 1,56,80,00,000 ",10%
C0940,Priya Gupta,priya.gupta@gmail.com,7462276641,bengaluru,karnataka,Office Chair,Furniture,7," ₹ 8,500 "," ₹ 59,500 ",2024-04-06 00:00:00,Refunded,Returned,Store,Regular," ₹ 50,57,50,000 ",3%
C0940,Rahul Chauhan,rahul.chauhan@gmail.com,9676013419,hyderabad,telangana,Notebook,Stationery,7, ₹ 120 , ₹ 840 ,2024-04-25 00:00:00,refunded,Shipped,Online,Regular," ₹ 1,00,800 ",0%
C0940,Isha Singh,isha.singh@gmail.com,7560448350,pune,maharashtra,USB Drive,Accessories,3, ₹ 900 ," ₹ 2,700 ",2026-04-01 00:00:00,Cancelled,Delivered,Online,Regular," ₹ 24,30,000 ",0%
C0941,Anjali Desai,unknown,7855169963,mumbai,maharashtra,Smartphone,Electronics,8," ₹ 28,000 "," ₹ 2,24,000 ",2025-06-01 00:00:00,Refunded,Delivered,Marketplace,Regular," ₹ 6,27,20,00,000 ",41%
C0943,Vikas Yadav,vikas.yadav@gmail.com,8348257414,chennai,tamil nadu,Monitor,Electronics,5," ₹ 12,000 "," ₹ 60,000 ",2025-06-03 00:00:00,Cancelled,Cancelled,Store,Regular," ₹ 72,00,00,000 ",5%
C0943,Amit Patel,amit.patel@gmail.com,7608490241,pune,maharashtra,Headphones,Electronics,6," ₹ 2,500 "," ₹ 15,000 ",2025-04-11 00:00:00,Pending,Returned,Store,Regular," ₹ 3,75,00,000 ",0%
C0944,Vikas Mehta,vikas.mehta@gmail.com,8865323193,delhi,delhi,Monitor,Electronics,4," ₹ 12,000 "," ₹ 48,000 ",2026-02-04 00:00:00,Paid,Cancelled,Online,Regular," ₹ 57,60,00,000 ",4%
C0944,Neha Yadav,neha.yadav@gmail.com,8755008946,ahmedabad,gujarat,Monitor,Electronics,6," ₹ 12,000 "," ₹ 72,500 ",2025-08-08 00:00:00,Cancelled,Delivered,Marketplace,Regular," ₹ 87,00,00,000 ",6%
C0944,Simran Patel,simran.patel@gmail.com,7935771229,vadodara,gujarat,Notebook,Stationery,4, ₹ 120 , ₹ 480 ,2026-05-01 00:00:00,Pending,Returned,Marketplace,Regular," ₹ 57,600 ",0%
C0945,Rohan Kumar,rohan.kumar@gmail.com,8418415203,hyderabad,telangana,Backpack,Accessories,2," ₹ 1,800 "," ₹ 12,600 ",2025-01-25 00:00:00,Pending,Cancelled,Online,Regular," ₹ 2,26,80,000 ",0%
C0947,Rohan Patel,rohan.patel@gmail.com,9442691577,jaipur,rajasthan,Laptop,Electronics,6," ₹ 55,000 "," ₹ 3,30,000 ",2026-05-29 00:00:00,Cancelled,Cancelled,Store,Gold," ₹ 18,15,00,00,000 ",119%
C0947,Amit Mishra,amit.mishra@gmail.com,8204192904,bhopal,madhya pradesh,Notebook,Stationery,1, ₹ 120 , ₹ 120 ,2024-07-02 00:00:00,Cancelled,Delivered,Online,Regular," ₹ 14,400 ",0%
C0947,Nikhil Verma,nikhil.verma@gmail.com,7354813720,kolkata,west bengal,Office Chair,Furniture,2," ₹ 8,500 "," ₹ 17,000 ",2025-03-16 00:00:00,Pending,Returned,Store,Regular," ₹ 14,45,00,000 ",1%
C0948,Arjun Shah,arjun.shah@gmail.com,7955863041,kolkata,west bengal,Backpack,Accessories,4," ₹ 1,800 "," ₹ 7,200 ",2026-02-14 00:00:00,Pending,Delivered,Online,Regular," ₹ 1,29,60,000 ",0%
C0950,Isha Patel,isha.patel@gmail.com,7459890737,vadodara,gujarat,Headphones,Electronics,5," ₹ 2,500 "," ₹ 12,500 ",2024-07-03 00:00:00,Paid,Delivered,Store,Regular," ₹ 3,12,50,000 ",0%
C0950,Mohit Reddy,mohit.reddy@gmail.com,9650249767,jaipur,rajasthan,USB Drive,Accessories,6, ₹ 900 ," ₹ 5,400 ",2026-06-06 00:00:00,Refunded,Shipped,Store,Regular," ₹ 48,60,000 ",0%
